,SampleID,notes,sampling date,sampling time,movement,Station_start,Station_end,sample type,medium,Station,ecosystem,depth,filtration,pore size,replicate,time,bottle,filter type,time point,Season,Latitude,Longitude,depth_class,depth_category,Sampling_month,Sample,depth_m,eligible_for_ctd,ctd_ctd_depth_m,depth_diff,ctd_sal,ctd_temp,ctd_fluor,ctd_oxygen2,ctd_oxygen,ctd_pres,ctd_theta,ctd_ctd_file
1,20250414-ESBf200a,NA,04.14.2025,NA,NA,NA,NA,blank,NA,Elkhorn Slough,estuary,NA,active,0.22,1,0,NA,disk,2,Spring,36.8105,-121.7827,NA,NA,Apr.25,20250414-ESBf200a,NA,FALSE,NA,NA,NA,NA,NA,NA,NA,NA,NA,NA
2,20250414-ESBf200b,NA,04.14.2025,NA,NA,NA,NA,blank,NA,Elkhorn Slough,estuary,NA,active,0.22,2,0,NA,disk,2,Spring,36.8105,-121.7827,NA,NA,Apr.25,20250414-ESBf200b,NA,FALSE,NA,NA,NA,NA,NA,NA,NA,NA,NA,NA
3,20250417-M1-Blnk,MolGrad H20,04.17.2025,NA,NA,NA,NA,blank,NA,M1,marine,NA,active,0.22,NA,NA,NA,Sterivex,2,Spring,36.74166667,-122.0268333,NA,NA,Apr.25,20250417-M1-Blnk,NA,FALSE,NA,NA,NA,NA,NA,NA,NA,NA,NA,NA
4,20250417-MARS-Blnk,MolGrad H20,04.17.2025,NA,NA,NA,NA,blank,NA,MARS,marine,NA,active,0.22,NA,NA,NA,Sterivex,2,Spring,36.743,-122.1068333,NA,NA,Apr.25,20250417-MARS-Blnk,NA,FALSE,NA,NA,NA,NA,NA,NA,NA,NA,NA,NA
5,20250417-OSWS-Blnk,MolGrad H20,04.17.2025,13:20:00,NA,NA,NA,blank,NA,OSWS,marine,NA,passive,20,NA,NA,NA,Sterivex,2,Spring,36.6775,-122.5351667,NA,NA,Apr.25,20250417-OSWS-Blnk,NA,FALSE,NA,NA,NA,NA,NA,NA,NA,NA,NA,NA
6,20250418-C1-Blnk,NA,04.18.2025,NA,NA,NA,NA,blank,NA,C1,marine,NA,active,0.22,NA,NA,NA,Sterivex,2,Spring,36.8045,-121.858,NA,NA,Apr.25,20250418-C1-Blnk,NA,FALSE,NA,NA,NA,NA,NA,NA,NA,NA,NA,NA
7,20250418-M2-Blnk,NA,04.18.2025,NA,NA,NA,NA,blank,NA,M2,marine,NA,active,0.22,NA,NA,NA,Sterivex,2,Spring,36.7015,-122.3743333,NA,NA,Apr.25,20250418-M2-Blnk,NA,FALSE,NA,NA,NA,NA,NA,NA,NA,NA,NA,NA
8,202507-control,"instead of 23c, MolGrade H20",07.22.2025,03:05:00,NA,NA,NA,blank,NA,Elkhorn Slough,estuary,NA,active,0.22,1,NA,NA,disk,3,Summer,36.8117,-121.77959,NA,NA,Jul.25,202507-control,NA,FALSE,NA,NA,NA,NA,NA,NA,NA,NA,NA,NA
9,20250722-ESe-8,20250722_blank_8: new control dry in lab,07.22.2025,NA,NA,NA,NA,blank,NA,Elkhorn Slough,estuary,NA,NA,0.22,5,NA,NA,disk,3,Summer,NA,NA,NA,NA,Jul.25,20250722-ESe-8,NA,FALSE,NA,NA,NA,NA,NA,NA,NA,NA,NA,NA
10,20250723-M1-Blnk,MolGrad H20,07.23.2025,NA,NA,NA,NA,blank,NA,M1,marine,NA,active,0.22,1,NA,NA,Sterivex,3,Summer,36.74166667,-122.0268333,NA,NA,Jul.25,20250723-M1-Blnk,NA,FALSE,NA,NA,NA,NA,NA,NA,NA,NA,NA,NA
11,20250723-M1-torp-ctrl,"blank, dry filter",07.23.2025,NA,NA,NA,NA,blank,NA,NA,NA,NA,NA,20,1,NA,NA,disk,3,Summer,36.74166667,-122.0268333,NA,NA,Jul.25,20250723-M1-torp-ctrl,NA,FALSE,NA,NA,NA,NA,NA,NA,NA,NA,NA,NA
12,20250723-ML-M1-air-ctrl,mainland to M1,07.23.2025,NA,NA,ML,M1,blank,air,M1,marine,NA,passive,0.22,1,NA,NA,disk,3,Summer,36.74166667,-122.0268333,NA,NA,Jul.25,20250723-ML-M1-air-ctrl,NA,FALSE,NA,NA,NA,NA,NA,NA,NA,NA,NA,NA
13,20250723-OSWS-BLNK,MolGrad H20,07.23.2025,NA,NA,NA,NA,blank,NA,OSWS,marine,NA,active,0.22,1,NA,NA,Sterivex,3,Summer,36.6775,-122.53517,NA,NA,Jul.25,20250723-OSWS-BLNK,NA,FALSE,NA,NA,NA,NA,NA,NA,NA,NA,NA,NA
14,20250724-C1-air-st-blank,NA,07.24.2025,NA,NA,NA,NA,blank,air,C1,NA,NA,NA,NA,NA,NA,NA,disk,3,Summer,36.8045,-121.858,NA,NA,Jul.25,20250724-C1-air-st-blank,NA,FALSE,NA,NA,NA,NA,NA,NA,NA,NA,NA,NA
15,20250724-C1-Blnk,MolGrad H20,07.24.2025,NA,NA,NA,NA,blank,NA,C1,marine,NA,active,0.22,1,NA,NA,Sterivex,3,Summer,36.8045,-121.858,NA,NA,Jul.25,20250724-C1-Blnk,NA,FALSE,NA,NA,NA,NA,NA,NA,NA,NA,NA,NA
16,20250724-M2-Blnk,MolGrad H20,07.24.2025,NA,NA,NA,NA,blank,NA,M2,marine,NA,active,20,1,NA,NA,Sterivex,3,Summer,36.7015,-122.3743333,NA,NA,Jul.25,20250724-M2-Blnk,NA,FALSE,NA,NA,NA,NA,NA,NA,NA,NA,NA,NA
17,20250724-M2-torp-blank,dry filter,07.24.2025,NA,NA,NA,NA,blank,NA,M2,marine,NA,passive,20,1,NA,NA,Sterivex,3,Summer,36.7015,-122.3743333,NA,NA,Jul.25,20250724-M2-torp-blank,NA,FALSE,NA,NA,NA,NA,NA,NA,NA,NA,NA,NA
18,20250724-MARS-Blnk,MolGrad H20,07.24.2025,NA,NA,NA,NA,blank,NA,MARS,marine,NA,NA,0.22,1,NA,NA,Sterivex,3,Summer,36.743,-122.1068333,NA,NA,Jul.25,20250724-MARS-Blnk,NA,FALSE,NA,NA,NA,NA,NA,NA,NA,NA,NA,NA
19,20251027-Blank-f020,"dry, torp",10.27.2025,NA,NA,NA,NA,blank,NA,Elkhorn Slough,NA,NA,NA,0.22,1,NA,NA,disk,4,Autumn,36.7502,-122.0495,NA,NA,Oct.25,20251027-Blank-f020,NA,FALSE,NA,NA,NA,NA,NA,NA,NA,NA,NA,NA
20,20251027-ES-blank,MolGrad H20,10.27.2025,NA,NA,NA,NA,blank,NA,Elkhorn Slough,estuary,NA,active,0.22,1,NA,NA,Sterivex,4,Autumn,36.8105,-121.7827,NA,NA,Oct.25,20251027-ES-blank,NA,FALSE,NA,NA,NA,NA,NA,NA,NA,NA,NA,NA
21,20252810-C1-Blnk,MolGrad H20,10.28.2025,NA,NA,NA,NA,blank,NA,C1,marine,NA,active,0.22,1,NA,NA,Sterivex,4,Autumn,36.8,-121.8562,NA,NA,Oct.25,20252810-C1-Blnk,NA,FALSE,NA,NA,NA,NA,NA,NA,NA,NA,NA,NA
22,20252910-M1-BLANK,MolGrad H20,10.28.2025,NA,NA,NA,NA,blank,NA,M1,marine,NA,active,0.22,1,NA,NA,Sterivex,4,Autumn,36.7502,-122.0495,NA,NA,Oct.25,20252910-M1-BLANK,NA,FALSE,NA,NA,NA,NA,NA,NA,NA,NA,NA,NA
23,20252910-M1-torp-ctrl,torp,10.28.2025,NA,NA,NA,NA,blank,NA,M1,NA,NA,passive,20,1,NA,NA,disk,4,Autumn,36.7502,-122.0495,NA,NA,Oct.25,20252910-M1-torp-ctrl,NA,FALSE,NA,NA,NA,NA,NA,NA,NA,NA,NA,NA
24,20252910-M2-Blnk,torp,10.29.2025,NA,NA,NA,NA,blank,NA,M2,marine,NA,active,20,1,NA,NA,Sterivex,4,Autumn,36.713,-122.304,NA,NA,Oct.25,20252910-M2-Blnk,NA,FALSE,NA,NA,NA,NA,NA,NA,NA,NA,NA,NA
25,20252910-MARS-airBLANK,NA,10.29.2025,NA,NA,NA,NA,blank,NA,MARS,marine,NA,passive,0.22,3,NA,NA,disk,4,Autumn,36.721,-122.1903,NA,NA,Oct.25,20252910-MARS-airBLANK,NA,FALSE,NA,NA,NA,NA,NA,NA,NA,NA,NA,NA
26,20252910-MARS-torp-BLANK,torp,10.29.2025,NA,NA,NA,NA,blank,NA,MARS,NA,NA,NA,20,NA,NA,NA,disk,4,Autumn,36.721,-122.1903,NA,NA,Oct.25,20252910-MARS-torp-BLANK,NA,FALSE,NA,NA,NA,NA,NA,NA,NA,NA,NA,NA
27,20252910-ML-M1-air-ctrl,mainland to M1,10.28.2025,NA,NA,NA,NA,blank,NA,M1,marine,NA,passive,0.22,1,NA,NA,disk,4,Autumn,36.7502,-122.0495,NA,NA,Oct.25,20252910-ML-M1-air-ctrl,NA,FALSE,NA,NA,NA,NA,NA,NA,NA,NA,NA,NA
28,Es-5,20250722_blank_5 old filters in lab,07.22.2025,NA,NA,NA,NA,blank,NA,Elkhorn Slough,estuary,NA,NA,0.22,2,NA,NA,disk,3,Summer,NA,NA,NA,NA,Jul.25,Es-5,NA,FALSE,NA,NA,NA,NA,NA,NA,NA,NA,NA,NA
29,Es-6,20250722_blank_6 new control brought to field,07.22.2025,NA,NA,NA,NA,blank,NA,Elkhorn Slough,estuary,NA,NA,0.22,3,NA,NA,disk,3,Summer,NA,NA,NA,NA,Jul.25,Es-6,NA,FALSE,NA,NA,NA,NA,NA,NA,NA,NA,NA,NA
30,Es-7,20250722_blank_7: new control dry in lab,07.22.2025,NA,NA,NA,NA,blank,NA,Elkhorn Slough,estuary,NA,NA,0.22,4,NA,NA,disk,3,Summer,NA,NA,NA,NA,Jul.25,Es-7,NA,FALSE,NA,NA,NA,NA,NA,NA,NA,NA,NA,NA
31,Extraction-Blank_2025-04,negativ extraction control,NA,NA,NA,NA,NA,blank,NA,NA,NA,NA,NA,NA,NA,NA,NA,NA,NA,NA,NA,NA,NA,NA,NA,Extraction-Blank_2025-04,NA,FALSE,NA,NA,NA,NA,NA,NA,NA,NA,NA,NA
32,Extraction-Blank_2025-07,negativ extraction control,NA,NA,NA,NA,NA,blank,NA,NA,NA,NA,NA,NA,NA,NA,NA,NA,NA,NA,NA,NA,NA,NA,NA,Extraction-Blank_2025-07,NA,FALSE,NA,NA,NA,NA,NA,NA,NA,NA,NA,NA
33,MARS-BLANK,"handwritten, MolGrad H20",10.29.2025,NA,NA,NA,NA,blank,NA,MARS,marine,NA,active,0.22,1,NA,NA,Sterivex,4,Autumn,36.721,-122.1903,NA,NA,Oct.25,MARS-BLANK,NA,FALSE,NA,NA,NA,NA,NA,NA,NA,NA,NA,NA
34,NTC_2025-04,negativ sequencing control,NA,NA,NA,NA,NA,blank,NA,NA,NA,NA,NA,NA,NA,NA,NA,NA,NA,NA,NA,NA,NA,NA,NA,NTC_2025-04,NA,FALSE,NA,NA,NA,NA,NA,NA,NA,NA,NA,NA
35,NTC_2025-07,negativ extraction control,NA,NA,NA,NA,NA,blank,NA,NA,NA,NA,NA,NA,NA,NA,NA,NA,NA,NA,NA,NA,NA,NA,NA,NTC_2025-07,NA,FALSE,NA,NA,NA,NA,NA,NA,NA,NA,NA,NA
36,NTC_S13,negativ sequencing control,NA,NA,NA,NA,NA,blank,NA,NA,NA,NA,NA,NA,NA,NA,NA,NA,NA,NA,NA,NA,NA,NA,NA,NTC_S13,NA,FALSE,NA,NA,NA,NA,NA,NA,NA,NA,NA,NA
37,NTC_S258,negativ sequencing control,NA,NA,NA,NA,NA,blank,NA,NA,NA,NA,NA,NA,NA,NA,NA,NA,NA,NA,NA,NA,NA,NA,NA,NTC_S258,NA,FALSE,NA,NA,NA,NA,NA,NA,NA,NA,NA,NA
38,POS_2025-04,positive sequencing control lab,NA,NA,NA,NA,NA,blank,NA,NA,NA,NA,NA,NA,NA,NA,NA,NA,NA,NA,NA,NA,NA,NA,NA,POS_2025-04,NA,FALSE,NA,NA,NA,NA,NA,NA,NA,NA,NA,NA
39,POS_2025-07,positive sequencing control lab,NA,NA,NA,NA,NA,blank,NA,NA,NA,NA,NA,NA,NA,NA,NA,NA,NA,NA,NA,NA,NA,NA,NA,POS_2025-07,NA,FALSE,NA,NA,NA,NA,NA,NA,NA,NA,NA,NA
40,XB,negativ sequencing control,NA,NA,NA,NA,NA,blank,NA,NA,NA,NA,NA,NA,NA,NA,NA,NA,NA,NA,NA,NA,NA,NA,NA,XB,NA,FALSE,NA,NA,NA,NA,NA,NA,NA,NA,NA,NA
41,XB_S12,negativ sequencing control,NA,NA,NA,NA,NA,blank,NA,NA,NA,NA,NA,NA,NA,NA,NA,NA,NA,NA,NA,NA,NA,NA,NA,XB_S12,NA,FALSE,NA,NA,NA,NA,NA,NA,NA,NA,NA,NA
42,XB_S257,negativ sequencing control,NA,NA,NA,NA,NA,blank,NA,NA,NA,NA,NA,NA,NA,NA,NA,NA,NA,NA,NA,NA,NA,NA,NA,XB_S257,NA,FALSE,NA,NA,NA,NA,NA,NA,NA,NA,NA,NA
43,20250414-ESe16a,NA,04.14.2025,NA,stationary,NA,NA,eDNA,water,Elkhorn Slough,estuary,0,passive,20,1,0,NA,Sterivex,2,Spring,36.8105,-121.7827,0,shallow,Apr.25,20250414-ESe16a,0,FALSE,NA,NA,NA,NA,NA,NA,NA,NA,NA,NA
44,20250414-ESe16b,NA,04.14.2025,NA,stationary,NA,NA,eDNA,water,Elkhorn Slough,estuary,0,passive,20,2,0,NA,Sterivex,2,Spring,36.8105,-121.7827,0,shallow,Apr.25,20250414-ESe16b,0,FALSE,NA,NA,NA,NA,NA,NA,NA,NA,NA,NA
45,20250414-ESe17a,NA,04.14.2025,NA,stationary,NA,NA,eDNA,water,Elkhorn Slough,estuary,0,passive,20,1,0,NA,Sterivex,2,Spring,36.8105,-121.7827,0,shallow,Apr.25,20250414-ESe17a,0,FALSE,NA,NA,NA,NA,NA,NA,NA,NA,NA,NA
46,20250414-ESe17b,NA,04.14.2025,NA,stationary,NA,NA,eDNA,water,Elkhorn Slough,estuary,0,passive,20,2,0,NA,Sterivex,2,Spring,36.8105,-121.7827,0,shallow,Apr.25,20250414-ESe17b,0,FALSE,NA,NA,NA,NA,NA,NA,NA,NA,NA,NA
47,20250414-ESe18a,NA,04.14.2025,NA,stationary,NA,NA,eDNA,water,Elkhorn Slough,estuary,0,active,0.22,1,19,NA,Sterivex,2,Spring,36.8105,-121.7827,0,shallow,Apr.25,20250414-ESe18a,0,FALSE,NA,NA,NA,NA,NA,NA,NA,NA,NA,NA
48,20250414-ESe18b,NA,04.14.2025,NA,stationary,NA,NA,eDNA,water,Elkhorn Slough,estuary,0,active,0.22,2,19,NA,Sterivex,2,Spring,36.8105,-121.7827,0,shallow,Apr.25,20250414-ESe18b,0,FALSE,NA,NA,NA,NA,NA,NA,NA,NA,NA,NA
49,20250414-ESe18c,NA,04.14.2025,NA,stationary,NA,NA,eDNA,water,Elkhorn Slough,estuary,0,active,0.22,3,19,NA,Sterivex,2,Spring,36.8105,-121.7827,0,shallow,Apr.25,20250414-ESe18c,0,FALSE,NA,NA,NA,NA,NA,NA,NA,NA,NA,NA
50,20250414-ESe19a,NA,04.14.2025,NA,stationary,NA,NA,eDNA,water,Elkhorn Slough,estuary,0,active,0.22,1,19,NA,Sterivex,2,Spring,36.8105,-121.7827,0,shallow,Apr.25,20250414-ESe19a,0,FALSE,NA,NA,NA,NA,NA,NA,NA,NA,NA,NA
51,20250414-ESe19b,NA,04.14.2025,NA,stationary,NA,NA,eDNA,water,Elkhorn Slough,estuary,0,active,0.22,2,20,NA,Sterivex,2,Spring,36.8105,-121.7827,0,shallow,Apr.25,20250414-ESe19b,0,FALSE,NA,NA,NA,NA,NA,NA,NA,NA,NA,NA
52,20250414-ESe19c,NA,04.14.2025,NA,stationary,NA,NA,eDNA,water,Elkhorn Slough,estuary,0,active,0.22,3,20,NA,Sterivex,2,Spring,36.8105,-121.7827,0,shallow,Apr.25,20250414-ESe19c,0,FALSE,NA,NA,NA,NA,NA,NA,NA,NA,NA,NA
53,20250414-ESe20a,NA,04.14.2025,NA,stationary,NA,NA,eDNA,water,Elkhorn Slough,estuary,0,active,0.22,2,21,NA,Sterivex,2,Spring,36.8105,-121.7827,0,shallow,Apr.25,20250414-ESe20a,0,FALSE,NA,NA,NA,NA,NA,NA,NA,NA,NA,NA
54,20250414-ESe20b,NA,04.14.2025,NA,stationary,NA,NA,eDNA,water,Elkhorn Slough,estuary,0,active,0.22,3,21,NA,Sterivex,2,Spring,36.8105,-121.7827,0,shallow,Apr.25,20250414-ESe20b,0,FALSE,NA,NA,NA,NA,NA,NA,NA,NA,NA,NA
55,20250414-ESe20c,NA,04.14.2025,NA,stationary,NA,NA,eDNA,water,Elkhorn Slough,estuary,0,active,0.22,1,21,NA,Sterivex,2,Spring,36.8105,-121.7827,0,shallow,Apr.25,20250414-ESe20c,0,FALSE,NA,NA,NA,NA,NA,NA,NA,NA,NA,NA
56,20250417-M1-010M-1,Label is different (preprinted),04.17.2025,NA,stationary,NA,NA,eDNA,water,M1,marine,10,active,0.22,1,NA,10,Sterivex,2,Spring,36.74166667,-122.0268333,10,shallow,Apr.25,20250417-M1-010M-1,10,TRUE,10,0,32.53678216,12.06693463,0.2140569,6.428707712,280.195625,10.07358871,12.06566,SynchroOSW - Spring2025 - CTD - M1.cnv
57,20250417-M1-010M-2,Label is different (preprinted),04.17.2025,NA,stationary,NA,NA,eDNA,water,M1,marine,10,active,0.22,2,NA,11,Sterivex,2,Spring,36.74166667,-122.0268333,10,shallow,Apr.25,20250417-M1-010M-2,10,TRUE,10,0,32.53678216,12.06693463,0.2140569,6.428707712,280.195625,10.07358871,12.06566,SynchroOSW - Spring2025 - CTD - M1.cnv
58,20250417-M1-010M-3,Label is different (preprinted),04.17.2025,NA,stationary,NA,NA,eDNA,water,M1,marine,10,active,0.22,3,NA,12,Sterivex,2,Spring,36.74166667,-122.0268333,10,shallow,Apr.25,20250417-M1-010M-3,10,TRUE,10,0,32.53678216,12.06693463,0.2140569,6.428707712,280.195625,10.07358871,12.06566,SynchroOSW - Spring2025 - CTD - M1.cnv
59,20250417-M1-12-5M-1,Deep Chl max,04.17.2025,NA,stationary,NA,NA,eDNA,water,M1,marine,12.5,active,0.22,1,NA,7,Sterivex,2,Spring,36.74166667,-122.0268333,DeepChla,shallow,Apr.25,20250417-M1-12-5M-1,12.5,TRUE,12,0.5,32.58602393,11.96004599,0.215954771,6.354285139,276.9375123,12.08967254,11.95852482,SynchroOSW - Spring2025 - CTD - M1.cnv
60,20250417-M1-12-5M-3,Deep Chl max,04.17.2025,NA,stationary,NA,NA,eDNA,water,M1,marine,12.5,active,0.22,3,NA,9,Sterivex,2,Spring,36.74166667,-122.0268333,DeepChla,shallow,Apr.25,20250417-M1-12-5M-3,12.5,TRUE,12,0.5,32.58602393,11.96004599,0.215954771,6.354285139,276.9375123,12.08967254,11.95852482,SynchroOSW - Spring2025 - CTD - M1.cnv
61,20250417-M1-150m-1,NA,04.17.2025,NA,stationary,NA,NA,eDNA,water,M1,marine,150,active,0.22,1,NA,4,Sterivex,2,Spring,36.74166667,-122.0268333,150,deep,Apr.25,20250417-M1-150m-1,150,TRUE,150,0,34.05486793,8.428320726,0.010996862,1.751203933,76.19269592,151.1679274,8.412793585,SynchroOSW - Spring2025 - CTD - M1.cnv
62,20250417-M1-150m-2,NA,04.17.2025,NA,stationary,NA,NA,eDNA,water,M1,marine,150,active,0.22,2,NA,5,Sterivex,2,Spring,36.74166667,-122.0268333,150,deep,Apr.25,20250417-M1-150m-2,150,TRUE,150,0,34.05486793,8.428320726,0.010996862,1.751203933,76.19269592,151.1679274,8.412793585,SynchroOSW - Spring2025 - CTD - M1.cnv
63,20250417-M1-150m-2-HW,"Deep Chl max, wrong label 20250417-M1-150m-2-HW double sample",04.17.2025,NA,stationary,NA,NA,eDNA,water,M1,marine,12.5,active,0.22,1,NA,7,Sterivex,2,Spring,36.74166667,-122.0268333,DeepChla,shallow,Apr.25,20250417-M1-150m-2-HW,12.5,TRUE,12,0.5,32.58602393,11.96004599,0.215954771,6.354285139,276.9375123,12.08967254,11.95852482,SynchroOSW - Spring2025 - CTD - M1.cnv
64,20250417-M1-150m-3,NA,04.17.2025,NA,stationary,NA,NA,eDNA,water,M1,marine,150,active,0.22,3,NA,6,Sterivex,2,Spring,36.74166667,-122.0268333,150,deep,Apr.25,20250417-M1-150m-3,150,TRUE,150,0,34.05486793,8.428320726,0.010996862,1.751203933,76.19269592,151.1679274,8.412793585,SynchroOSW - Spring2025 - CTD - M1.cnv
65,20250417-M1-300m-1,NA,04.17.2025,NA,stationary,NA,NA,eDNA,water,M1,marine,300,active,0.22,1,NA,1,Sterivex,2,Spring,36.74166667,-122.0268333,300,deep,Apr.25,20250417-M1-300m-1,300,TRUE,295,5,34.14468629,7.499671171,0.007326214,1.154206607,50.2068969,297.3893894,7.470879988,SynchroOSW - Spring2025 - CTD - M1.cnv
66,20250417-M1-300m-2,NA,04.17.2025,NA,stationary,NA,NA,eDNA,water,M1,marine,300,active,0.22,2,NA,2,Sterivex,2,Spring,36.74166667,-122.0268333,300,deep,Apr.25,20250417-M1-300m-2,300,TRUE,295,5,34.14468629,7.499671171,0.007326214,1.154206607,50.2068969,297.3893894,7.470879988,SynchroOSW - Spring2025 - CTD - M1.cnv
67,20250417-M1-300m-3,NA,04.17.2025,NA,stationary,NA,NA,eDNA,water,M1,marine,300,active,0.22,3,NA,3,Sterivex,2,Spring,36.74166667,-122.0268333,300,deep,Apr.25,20250417-M1-300m-3,300,TRUE,295,5,34.14468629,7.499671171,0.007326214,1.154206607,50.2068969,297.3893894,7.470879988,SynchroOSW - Spring2025 - CTD - M1.cnv
68,20250417-M1-air-1,NA,04.17.2025,NA,stationary,OSWS,M1,eDNA,air,M1,marine,0,passive,0.22,1,NA,NA,disk,2,Spring,36.74166667,-122.0268333,0,shallow,Apr.25,20250417-M1-air-1,0,FALSE,NA,NA,NA,NA,NA,NA,NA,NA,NA,NA
69,20250417-M1-air-2,NA,04.17.2025,NA,stationary,OSWS,M1,eDNA,air,M1,marine,0,passive,0.22,2,NA,NA,disk,2,Spring,36.74166667,-122.0268333,0,shallow,Apr.25,20250417-M1-air-2,0,FALSE,NA,NA,NA,NA,NA,NA,NA,NA,NA,NA
70,20250417-M1-air-3,NA,04.17.2025,NA,stationary,OSWS,M1,eDNA,air,M1,marine,0,passive,0.22,3,NA,NA,disk,2,Spring,36.74166667,-122.0268333,0,shallow,Apr.25,20250417-M1-air-3,0,FALSE,NA,NA,NA,NA,NA,NA,NA,NA,NA,NA
71,20250417-M1-air-st-A,NA,04.17.2025,NA,stationary,M1,M1,eDNA,air,M1,marine,0,passive,0.22,1,NA,NA,disk,2,Spring,36.74166667,-122.0268333,0,shallow,Apr.25,20250417-M1-air-st-A,0,FALSE,NA,NA,NA,NA,NA,NA,NA,NA,NA,NA
72,20250417-M1-air-st-B,NA,04.17.2025,NA,stationary,M1,M1,eDNA,air,M1,marine,0,passive,0.22,2,NA,NA,disk,2,Spring,36.74166667,-122.0268333,0,shallow,Apr.25,20250417-M1-air-st-B,0,FALSE,NA,NA,NA,NA,NA,NA,NA,NA,NA,NA
73,20250417-M1-air-st-C,NA,04.17.2025,NA,stationary,M1,M1,eDNA,air,M1,marine,0,passive,0.22,3,NA,NA,disk,2,Spring,36.74166667,-122.0268333,0,shallow,Apr.25,20250417-M1-air-st-C,0,FALSE,NA,NA,NA,NA,NA,NA,NA,NA,NA,NA
74,20250417-M1-torp-1,NA,04.17.2025,NA,transition,NA,NA,eDNA,water,M1,marine,0,passive,20,1,NA,NA,disk,2,Spring,36.74166667,-122.0268333,0,shallow,Apr.25,20250417-M1-torp-1,0,FALSE,NA,NA,NA,NA,NA,NA,NA,NA,NA,NA
75,20250417-M1-torp-2,NA,04.17.2025,NA,transition,NA,NA,eDNA,water,M1,marine,0,passive,20,2,NA,NA,disk,2,Spring,36.74166667,-122.0268333,0,shallow,Apr.25,20250417-M1-torp-2,0,FALSE,NA,NA,NA,NA,NA,NA,NA,NA,NA,NA
76,20250417-MARS-010m-1,NA,04.17.2025,NA,stationary,NA,NA,eDNA,water,MARS,marine,10,active,0.22,1,NA,10,Sterivex,2,Spring,36.743,-122.1068333,10,shallow,Apr.25,20250417-MARS-010m-1,10,TRUE,10,0,32.66873426,11.59371632,0.170871562,5.855597733,255.1683537,10.07455919,11.59247455,SynchroOSW - Spring2025 - CTD - MARS.cnv
77,20250417-MARS-010m-2,NA,04.17.2025,NA,stationary,NA,NA,eDNA,water,MARS,marine,10,active,0.22,2,NA,11,Sterivex,2,Spring,36.743,-122.1068333,10,shallow,Apr.25,20250417-MARS-010m-2,10,TRUE,10,0,32.66873426,11.59371632,0.170871562,5.855597733,255.1683537,10.07455919,11.59247455,SynchroOSW - Spring2025 - CTD - MARS.cnv
78,20250417-MARS-010m-3,NA,04.17.2025,NA,stationary,NA,NA,eDNA,water,MARS,marine,10,active,0.22,3,NA,12,Sterivex,2,Spring,36.743,-122.1068333,10,shallow,Apr.25,20250417-MARS-010m-3,10,TRUE,10,0,32.66873426,11.59371632,0.170871562,5.855597733,255.1683537,10.07455919,11.59247455,SynchroOSW - Spring2025 - CTD - MARS.cnv
79,20250417-MARS-011m-1,Deep Chl max,04.17.2025,NA,stationary,NA,NA,eDNA,water,MARS,marine,11,active,0.22,1,NA,7,Sterivex,2,Spring,36.743,-122.1068333,DeepChla,shallow,Apr.25,20250417-MARS-011m-1,11,TRUE,11,0,32.74757557,11.45069365,0.178730504,5.689350882,247.9028625,11.08211587,11.44933875,SynchroOSW - Spring2025 - CTD - MARS.cnv
80,20250417-MARS-011m-2,Deep Chl max,04.17.2025,NA,stationary,NA,NA,eDNA,water,MARS,marine,11,active,0.22,2,NA,8,Sterivex,2,Spring,36.743,-122.1068333,DeepChla,shallow,Apr.25,20250417-MARS-011m-2,11,TRUE,11,0,32.74757557,11.45069365,0.178730504,5.689350882,247.9028625,11.08211587,11.44933875,SynchroOSW - Spring2025 - CTD - MARS.cnv
81,20250417-MARS-011m-3,Deep Chl max,04.17.2025,NA,stationary,NA,NA,eDNA,water,MARS,marine,11,active,0.22,3,NA,9,Sterivex,2,Spring,36.743,-122.1068333,DeepChla,shallow,Apr.25,20250417-MARS-011m-3,11,TRUE,11,0,32.74757557,11.45069365,0.178730504,5.689350882,247.9028625,11.08211587,11.44933875,SynchroOSW - Spring2025 - CTD - MARS.cnv
82,20250417-MARS-150m-1,NA,04.17.2025,NA,stationary,NA,NA,eDNA,water,MARS,marine,150,active,0.22,1,NA,4,Sterivex,2,Spring,36.743,-122.1068333,150,deep,Apr.25,20250417-MARS-150m-1,150,TRUE,150,0,34.02932016,8.472951613,0.007713394,1.984782661,86.35785887,151.1693548,8.457379533,SynchroOSW - Spring2025 - CTD - MARS.cnv
83,20250417-MARS-150m-2,NA,04.17.2025,NA,stationary,NA,NA,eDNA,water,MARS,marine,150,active,0.22,2,NA,5,Sterivex,2,Spring,36.743,-122.1068333,150,deep,Apr.25,20250417-MARS-150m-2,150,TRUE,150,0,34.02932016,8.472951613,0.007713394,1.984782661,86.35785887,151.1693548,8.457379533,SynchroOSW - Spring2025 - CTD - MARS.cnv
84,20250417-MARS-150m-3,NA,04.17.2025,NA,stationary,NA,NA,eDNA,water,MARS,marine,150,active,0.22,3,NA,6,Sterivex,2,Spring,36.743,-122.1068333,150,deep,Apr.25,20250417-MARS-150m-3,150,TRUE,150,0,34.02932016,8.472951613,0.007713394,1.984782661,86.35785887,151.1693548,8.457379533,SynchroOSW - Spring2025 - CTD - MARS.cnv
85,20250417-MARS-300m-1,NA,04.17.2025,NA,stationary,NA,NA,eDNA,water,MARS,marine,300,active,0.22,1,NA,1,Sterivex,2,Spring,36.743,-122.1068333,300,deep,Apr.25,20250417-MARS-300m-1,300,TRUE,291,9,34.12762753,7.468100102,0.007326772,1.204145036,52.37829171,293.3265097,7.439788013,SynchroOSW - Spring2025 - CTD - MARS.cnv
86,20250417-MARS-300m-2,NA,04.17.2025,NA,stationary,NA,NA,eDNA,water,MARS,marine,300,active,0.22,2,NA,2,Sterivex,2,Spring,36.743,-122.1068333,300,deep,Apr.25,20250417-MARS-300m-2,300,TRUE,291,9,34.12762753,7.468100102,0.007326772,1.204145036,52.37829171,293.3265097,7.439788013,SynchroOSW - Spring2025 - CTD - MARS.cnv
87,20250417-MARS-300m-3,NA,04.17.2025,NA,stationary,NA,NA,eDNA,water,MARS,marine,300,active,0.22,3,NA,3,Sterivex,2,Spring,36.743,-122.1068333,300,deep,Apr.25,20250417-MARS-300m-3,300,TRUE,291,9,34.12762753,7.468100102,0.007326772,1.204145036,52.37829171,293.3265097,7.439788013,SynchroOSW - Spring2025 - CTD - MARS.cnv
88,20250417-MARS-torp-A,NA,04.17.2025,09:40:00,transition,NA,NA,eDNA,water,MARS,marine,0,passive,20,A,5,NA,disk,2,Spring,36.743,-122.1068333,0,shallow,Apr.25,20250417-MARS-torp-A,0,FALSE,NA,NA,NA,NA,NA,NA,NA,NA,NA,NA
89,20250417-MARS-torp-B,NA,04.17.2025,09:40:00,transition,NA,NA,eDNA,water,MARS,marine,0,passive,20,B,5,NA,disk,2,Spring,36.743,-122.1068333,0,shallow,Apr.25,20250417-MARS-torp-B,0,FALSE,NA,NA,NA,NA,NA,NA,NA,NA,NA,NA
90,20250417-OSWS-010m-1,NA,04.17.2025,NA,stationary,NA,NA,eDNA,water,OSWS,marine,10,active,0.22,1,NA,10,Sterivex,2,Spring,36.6775,-122.5351667,10,shallow,Apr.25,20250417-OSWS-010m-1,10,TRUE,10,0,33.15715456,12.89785078,0.128503003,6.260867254,272.7942368,10.07455919,12.8965071,SynchroOSW - Spring2025 - CTD - Synchro1.cnv
91,20250417-OSWS-010m-2,NA,04.17.2025,NA,stationary,NA,NA,eDNA,water,OSWS,marine,10,active,0.22,2,NA,11,Sterivex,2,Spring,36.6775,-122.5351667,10,shallow,Apr.25,20250417-OSWS-010m-2,10,TRUE,10,0,33.15715456,12.89785078,0.128503003,6.260867254,272.7942368,10.07455919,12.8965071,SynchroOSW - Spring2025 - CTD - Synchro1.cnv
92,20250417-OSWS-010m-3,NA,04.17.2025,NA,stationary,NA,NA,eDNA,water,OSWS,marine,10,active,NA,3,NA,12,Sterivex,2,Spring,36.6775,-122.5351667,10,shallow,Apr.25,20250417-OSWS-010m-3,10,TRUE,10,0,33.15715456,12.89785078,0.128503003,6.260867254,272.7942368,10.07455919,12.8965071,SynchroOSW - Spring2025 - CTD - Synchro1.cnv
93,20250417-OSWS-017m-1,Deep Chl max,04.17.2025,NA,stationary,NA,NA,eDNA,water,OSWS,marine,17,active,0.22,1,NA,7,Sterivex,2,Spring,36.6775,-122.5351667,DeepChla,shallow,Apr.25,20250417-OSWS-017m-1,17,TRUE,17,0,33.17385091,12.3023,0.131954545,5.909689091,257.4602909,17.12727273,12.30008835,SynchroOSW - Spring2025 - CTD - Synchro1.cnv
94,20250417-OSWS-017m-2,Deep Chl max,04.17.2025,NA,stationary,NA,NA,eDNA,water,OSWS,marine,17,active,0.22,2,NA,8,Sterivex,2,Spring,36.6775,-122.5351667,DeepChla,shallow,Apr.25,20250417-OSWS-017m-2,17,TRUE,17,0,33.17385091,12.3023,0.131954545,5.909689091,257.4602909,17.12727273,12.30008835,SynchroOSW - Spring2025 - CTD - Synchro1.cnv
95,20250417-OSWS-017m-3,Deep Chl max,04.17.2025,NA,stationary,NA,NA,eDNA,water,OSWS,marine,17,active,0.22,3,NA,9,Sterivex,2,Spring,36.6775,-122.5351667,DeepChla,shallow,Apr.25,20250417-OSWS-017m-3,17,TRUE,17,0,33.17385091,12.3023,0.131954545,5.909689091,257.4602909,17.12727273,12.30008835,SynchroOSW - Spring2025 - CTD - Synchro1.cnv
96,20250417-OSWS-150m-1,NA,04.17.2025,NA,stationary,NA,NA,eDNA,water,OSWS,marine,150,active,0.22,1,NA,4,Sterivex,2,Spring,36.6775,-122.5351667,150,deep,Apr.25,20250417-OSWS-150m-1,150,TRUE,150,0,34.00498506,8.693027984,0.007973112,2.105005416,91.59366901,151.1313942,8.67721621,SynchroOSW - Spring2025 - CTD - Synchro1.cnv
97,20250417-OSWS-150m-2,NA,04.17.2025,NA,stationary,NA,NA,eDNA,water,OSWS,marine,150,active,0.22,2,NA,5,Sterivex,2,Spring,36.6775,-122.5351667,150,deep,Apr.25,20250417-OSWS-150m-2,150,TRUE,150,0,34.00498506,8.693027984,0.007973112,2.105005416,91.59366901,151.1313942,8.67721621,SynchroOSW - Spring2025 - CTD - Synchro1.cnv
98,20250417-OSWS-150m-3,NA,04.17.2025,NA,stationary,NA,NA,eDNA,water,OSWS,marine,150,active,0.22,3,NA,6,Sterivex,2,Spring,36.6775,-122.5351667,150,deep,Apr.25,20250417-OSWS-150m-3,150,TRUE,150,0,34.00498506,8.693027984,0.007973112,2.105005416,91.59366901,151.1313942,8.67721621,SynchroOSW - Spring2025 - CTD - Synchro1.cnv
99,20250417-OSWS-300m-1,NA,04.17.2025,NA,stationary,NA,NA,eDNA,water,OSWS,marine,300,active,0.22,1,NA,1,Sterivex,2,Spring,36.6775,-122.5351667,300,deep,Apr.25,20250417-OSWS-300m-1,300,TRUE,295,5,34.12037128,7.740829379,0.007326,1.365697476,59.41132357,297.4023221,7.711507002,SynchroOSW - Spring2025 - CTD - Synchro1.cnv
100,20250417-OSWS-300m-2,NA,04.17.2025,NA,stationary,NA,NA,eDNA,water,OSWS,marine,300,active,0.22,2,NA,2,Sterivex,2,Spring,36.6775,-122.5351667,300,deep,Apr.25,20250417-OSWS-300m-2,300,TRUE,295,5,34.12037128,7.740829379,0.007326,1.365697476,59.41132357,297.4023221,7.711507002,SynchroOSW - Spring2025 - CTD - Synchro1.cnv
101,20250417-OSWS-300m-3,NA,04.17.2025,NA,stationary,NA,NA,eDNA,water,OSWS,marine,300,active,0.22,3,NA,3,Sterivex,2,Spring,36.6775,-122.5351667,300,deep,Apr.25,20250417-OSWS-300m-3,300,TRUE,295,5,34.12037128,7.740829379,0.007326,1.365697476,59.41132357,297.4023221,7.711507002,SynchroOSW - Spring2025 - CTD - Synchro1.cnv
102,20250417-OSWS-air-1,"MARS transit to OSWS, one filter torn",04.17.2025,NA,stationary,MARS,OSWS,eDNA,air,OSWS,marine,0,passive,0.22,1,NA,NA,disk,2,Spring,36.6775,-122.5351667,0,shallow,Apr.25,20250417-OSWS-air-1,0,FALSE,NA,NA,NA,NA,NA,NA,NA,NA,NA,NA
103,20250417-OSWS-air-2,"MARS transit to OSWS, one filter torn",04.17.2025,NA,stationary,MARS,OSWS,eDNA,air,OSWS,marine,0,passive,0.22,2,NA,NA,disk,2,Spring,36.6775,-122.5351667,0,shallow,Apr.25,20250417-OSWS-air-2,0,FALSE,NA,NA,NA,NA,NA,NA,NA,NA,NA,NA
104,20250417-OSWS-air-3,"MARS transit to OSWS, one filter torn",04.17.2025,NA,stationary,MARS,OSWS,eDNA,air,OSWS,marine,0,passive,0.22,3,NA,NA,disk,2,Spring,36.6775,-122.5351667,0,shallow,Apr.25,20250417-OSWS-air-3,0,FALSE,NA,NA,NA,NA,NA,NA,NA,NA,NA,NA
105,20250417-OSWS-air-st-1,NA,04.17.2025,NA,stationary,OSWS,OSWS,eDNA,air,OSWS,marine,0,passive,0.22,1,NA,NA,disk,2,Spring,36.6775,-122.5351667,0,shallow,Apr.25,20250417-OSWS-air-st-1,0,FALSE,NA,NA,NA,NA,NA,NA,NA,NA,NA,NA
106,20250417-OSWS-air-st-2,NA,04.17.2025,NA,stationary,OSWS,OSWS,eDNA,air,OSWS,marine,0,passive,0.22,2,NA,NA,disk,2,Spring,36.6775,-122.5351667,0,shallow,Apr.25,20250417-OSWS-air-st-2,0,FALSE,NA,NA,NA,NA,NA,NA,NA,NA,NA,NA
107,20250417-OSWS-air-st-3,NA,04.17.2025,NA,stationary,OSWS,OSWS,eDNA,air,OSWS,marine,0,passive,0.22,3,NA,NA,disk,2,Spring,36.6775,-122.5351667,0,shallow,Apr.25,20250417-OSWS-air-st-3,0,FALSE,NA,NA,NA,NA,NA,NA,NA,NA,NA,NA
108,20250417-OSWS-torp-1,NA,04.17.2025,NA,transition,NA,NA,eDNA,water,OSWS,marine,0,passive,20,1,3,NA,disk,2,Spring,36.6775,-122.5351667,0,shallow,Apr.25,20250417-OSWS-torp-1,0,FALSE,NA,NA,NA,NA,NA,NA,NA,NA,NA,NA
109,20250417-OSWS-torp-2,NA,04.17.2025,NA,transition,NA,NA,eDNA,water,OSWS,marine,0,passive,20,2,3,NA,disk,2,Spring,36.6775,-122.5351667,0,shallow,Apr.25,20250417-OSWS-torp-2,0,FALSE,NA,NA,NA,NA,NA,NA,NA,NA,NA,NA
110,20250418-C1-010m-1,humpback surfaced,04.18.2025,NA,stationary,NA,NA,eDNA,water,C1,marine,10,active,0.22,1,NA,7,Sterivex,2,Spring,36.8045,-121.858,10,shallow,Apr.25,20250418-C1-010m-1,10,TRUE,10,0,33.55089668,11.93733647,0.159538,6.14092136,267.4406705,10.07455919,11.93605715,SynchroOSW - Spring2025 - CTD - C1.cnv
111,20250418-C1-010m-1b,back-up,04.18.2025,NA,stationary,NA,NA,eDNA,water,C1,marine,10,active,0.22,1,NA,7,Sterivex,2,Spring,36.8045,-121.858,10,shallow,Apr.25,20250418-C1-010m-1b,10,TRUE,10,0,33.55089668,11.93733647,0.159538,6.14092136,267.4406705,10.07455919,11.93605715,SynchroOSW - Spring2025 - CTD - C1.cnv
112,20250418-C1-010m-2,humpback surfaced,04.18.2025,NA,stationary,NA,NA,eDNA,water,C1,marine,10,active,0.22,2,NA,8,Sterivex,2,Spring,36.8045,-121.858,10,shallow,Apr.25,20250418-C1-010m-2,10,TRUE,10,0,33.55089668,11.93733647,0.159538,6.14092136,267.4406705,10.07455919,11.93605715,SynchroOSW - Spring2025 - CTD - C1.cnv
113,20250418-C1-010m-2-2,humpback surfaced,04.18.2025,NA,stationary,NA,NA,eDNA,water,C1,marine,10,active,NA,3,NA,9,Sterivex,2,Spring,36.8045,-121.858,10,shallow,Apr.25,20250418-C1-010m-2-2,10,TRUE,10,0,33.55089668,11.93733647,0.159538,6.14092136,267.4406705,10.07455919,11.93605715,SynchroOSW - Spring2025 - CTD - C1.cnv
114,20250418-C1-010m-2b,back-up,04.18.2025,NA,stationary,NA,NA,eDNA,water,C1,marine,10,active,0.22,2,NA,8,Sterivex,2,Spring,36.8045,-121.858,10,shallow,Apr.25,20250418-C1-010m-2b,10,TRUE,10,0,33.55089668,11.93733647,0.159538,6.14092136,267.4406705,10.07455919,11.93605715,SynchroOSW - Spring2025 - CTD - C1.cnv
115,20250418-C1-010m-3b,back-up,04.18.2025,NA,stationary,NA,NA,eDNA,water,C1,marine,10,active,NA,3,NA,9,Sterivex,2,Spring,36.8045,-121.858,10,shallow,Apr.25,20250418-C1-010m-3b,10,TRUE,10,0,33.55089668,11.93733647,0.159538,6.14092136,267.4406705,10.07455919,11.93605715,SynchroOSW - Spring2025 - CTD - C1.cnv
116,20250418-C1-010m-4,in silica,04.18.2025,NA,stationary,NA,NA,eDNA,water,C1,marine,10,active,0.22,4,NA,10,Sterivex,2,Spring,36.8045,-121.858,10,shallow,Apr.25,20250418-C1-010m-4,10,TRUE,10,0,33.55089668,11.93733647,0.159538,6.14092136,267.4406705,10.07455919,11.93605715,SynchroOSW - Spring2025 - CTD - C1.cnv
117,20250418-C1-010m-4b,back-up,04.18.2025,NA,stationary,NA,NA,eDNA,water,C1,marine,10,active,0.22,4,NA,10,Sterivex,2,Spring,36.8045,-121.858,10,shallow,Apr.25,20250418-C1-010m-4b,10,TRUE,10,0,33.55089668,11.93733647,0.159538,6.14092136,267.4406705,10.07455919,11.93605715,SynchroOSW - Spring2025 - CTD - C1.cnv
118,20250418-C1-010m-5,in silica,04.18.2025,NA,stationary,NA,NA,eDNA,water,C1,marine,10,active,0.22,5,NA,11,Sterivex,2,Spring,36.8045,-121.858,10,shallow,Apr.25,20250418-C1-010m-5,10,TRUE,10,0,33.55089668,11.93733647,0.159538,6.14092136,267.4406705,10.07455919,11.93605715,SynchroOSW - Spring2025 - CTD - C1.cnv
119,20250418-C1-010m-5b,back-up,04.18.2025,NA,stationary,NA,NA,eDNA,water,C1,marine,10,active,0.22,5,NA,11,Sterivex,2,Spring,36.8045,-121.858,10,shallow,Apr.25,20250418-C1-010m-5b,10,TRUE,10,0,33.55089668,11.93733647,0.159538,6.14092136,267.4406705,10.07455919,11.93605715,SynchroOSW - Spring2025 - CTD - C1.cnv
120,20250418-C1-010m-6,in silica,04.18.2025,NA,stationary,NA,NA,eDNA,water,C1,marine,10,active,0.22,6,NA,12,Sterivex,2,Spring,36.8045,-121.858,10,shallow,Apr.25,20250418-C1-010m-6,10,TRUE,10,0,33.55089668,11.93733647,0.159538,6.14092136,267.4406705,10.07455919,11.93605715,SynchroOSW - Spring2025 - CTD - C1.cnv
121,20250418-C1-010m-6b,back-up,04.18.2025,NA,stationary,NA,NA,eDNA,water,C1,marine,10,active,0.22,6,NA,12,Sterivex,2,Spring,36.8045,-121.858,10,shallow,Apr.25,20250418-C1-010m-6b,10,TRUE,10,0,33.55089668,11.93733647,0.159538,6.14092136,267.4406705,10.07455919,11.93605715,SynchroOSW - Spring2025 - CTD - C1.cnv
122,20250418-C1-017m-1,humpback surfaced,04.18.2025,NA,stationary,NA,NA,eDNA,water,C1,marine,17,active,0.22,1,NA,4,Sterivex,2,Spring,36.8045,-121.858,DeepChla,shallow,Apr.25,20250418-C1-017m-1,17,TRUE,17,0,33.68451375,10.67624232,0.191464368,4.570124534,198.9690287,17.12745592,10.67422113,SynchroOSW - Spring2025 - CTD - C1.cnv
123,20250418-C1-017m-1b,back-up,04.18.2025,NA,stationary,NA,NA,eDNA,water,C1,marine,17,active,0.22,1,NA,4,Sterivex,2,Spring,36.8045,-121.858,DeepChla,shallow,Apr.25,20250418-C1-017m-1b,17,TRUE,17,0,33.68451375,10.67624232,0.191464368,4.570124534,198.9690287,17.12745592,10.67422113,SynchroOSW - Spring2025 - CTD - C1.cnv
124,20250418-C1-017m-2,humpback surfaced,04.18.2025,NA,stationary,NA,NA,eDNA,water,C1,marine,17,active,0.22,2,NA,5,Sterivex,2,Spring,36.8045,-121.858,DeepChla,shallow,Apr.25,20250418-C1-017m-2,17,TRUE,17,0,33.68451375,10.67624232,0.191464368,4.570124534,198.9690287,17.12745592,10.67422113,SynchroOSW - Spring2025 - CTD - C1.cnv
125,20250418-C1-017m-2b,back-up,04.18.2025,NA,stationary,NA,NA,eDNA,water,C1,marine,17,active,0.22,2,NA,5,Sterivex,2,Spring,36.8045,-121.858,DeepChla,shallow,Apr.25,20250418-C1-017m-2b,17,TRUE,17,0,33.68451375,10.67624232,0.191464368,4.570124534,198.9690287,17.12745592,10.67422113,SynchroOSW - Spring2025 - CTD - C1.cnv
126,20250418-C1-017m-3,humpback surfaced,04.18.2025,NA,stationary,NA,NA,eDNA,water,C1,marine,17,active,0.22,3,NA,6,Sterivex,2,Spring,36.8045,-121.858,DeepChla,shallow,Apr.25,20250418-C1-017m-3,17,TRUE,17,0,33.68451375,10.67624232,0.191464368,4.570124534,198.9690287,17.12745592,10.67422113,SynchroOSW - Spring2025 - CTD - C1.cnv
127,20250418-C1-017m-3b,back-up,04.18.2025,NA,stationary,NA,NA,eDNA,water,C1,marine,17,active,0.22,3,NA,6,Sterivex,2,Spring,36.8045,-121.858,DeepChla,shallow,Apr.25,20250418-C1-017m-3b,17,TRUE,17,0,33.68451375,10.67624232,0.191464368,4.570124534,198.9690287,17.12745592,10.67422113,SynchroOSW - Spring2025 - CTD - C1.cnv
128,20250418-C1-150m-1,humpback surfaced,04.18.2025,NA,stationary,NA,NA,eDNA,water,C1,marine,150,active,0.22,1,NA,1,Sterivex,2,Spring,36.8045,-121.858,150,deep,Apr.25,20250418-C1-150m-1,150,TRUE,146,4,33.98820923,8.78020394,0.015568509,1.824783691,79.40242294,147.1481297,8.764720365,SynchroOSW - Spring2025 - CTD - C1.cnv
129,20250418-C1-150m-1b,back-up,04.18.2025,NA,stationary,NA,NA,eDNA,water,C1,marine,150,active,0.22,1,NA,1,Sterivex,2,Spring,36.8045,-121.858,150,deep,Apr.25,20250418-C1-150m-1b,150,TRUE,146,4,33.98820923,8.78020394,0.015568509,1.824783691,79.40242294,147.1481297,8.764720365,SynchroOSW - Spring2025 - CTD - C1.cnv
130,20250418-C1-150m-2,humpback surfaced,04.18.2025,NA,stationary,NA,NA,eDNA,water,C1,marine,150,active,0.22,2,NA,2,Sterivex,2,Spring,36.8045,-121.858,150,deep,Apr.25,20250418-C1-150m-2,150,TRUE,146,4,33.98820923,8.78020394,0.015568509,1.824783691,79.40242294,147.1481297,8.764720365,SynchroOSW - Spring2025 - CTD - C1.cnv
131,20250418-C1-150m-2b,back-up,04.18.2025,NA,stationary,NA,NA,eDNA,water,C1,marine,150,active,0.22,2,NA,2,Sterivex,2,Spring,36.8045,-121.858,150,deep,Apr.25,20250418-C1-150m-2b,150,TRUE,146,4,33.98820923,8.78020394,0.015568509,1.824783691,79.40242294,147.1481297,8.764720365,SynchroOSW - Spring2025 - CTD - C1.cnv
132,20250418-C1-150m-3,humpback surfaced,04.18.2025,NA,stationary,NA,NA,eDNA,water,C1,marine,150,active,0.22,3,NA,3,Sterivex,2,Spring,36.8045,-121.858,150,deep,Apr.25,20250418-C1-150m-3,150,TRUE,146,4,33.98820923,8.78020394,0.015568509,1.824783691,79.40242294,147.1481297,8.764720365,SynchroOSW - Spring2025 - CTD - C1.cnv
133,20250418-C1-150m-3b,back-up,04.18.2025,NA,stationary,NA,NA,eDNA,water,C1,marine,150,active,0.22,3,NA,3,Sterivex,2,Spring,36.8045,-121.858,150,deep,Apr.25,20250418-C1-150m-3b,150,TRUE,146,4,33.98820923,8.78020394,0.015568509,1.824783691,79.40242294,147.1481297,8.764720365,SynchroOSW - Spring2025 - CTD - C1.cnv
134,20250418-C1-air-st-1,NA,04.18.2025,NA,stationary,C1,C1,eDNA,air,C1,marine,0,passive,0.22,1,NA,NA,disk,2,Spring,36.8045,-121.858,0,shallow,Apr.25,20250418-C1-air-st-1,0,FALSE,NA,NA,NA,NA,NA,NA,NA,NA,NA,NA
135,20250418-C1-air-st-2,NA,04.18.2025,NA,stationary,C1,C1,eDNA,air,C1,marine,0,passive,0.22,2,NA,NA,disk,2,Spring,36.8045,-121.858,0,shallow,Apr.25,20250418-C1-air-st-2,0,FALSE,NA,NA,NA,NA,NA,NA,NA,NA,NA,NA
136,20250418-C1-air-st-3,NA,04.18.2025,NA,stationary,C1,C1,eDNA,air,C1,marine,0,passive,0.22,3,NA,NA,disk,2,Spring,36.8045,-121.858,0,shallow,Apr.25,20250418-C1-air-st-3,0,FALSE,NA,NA,NA,NA,NA,NA,NA,NA,NA,NA
137,20250418-C1-torp-1,NA,04.18.2025,NA,stationary,NA,NA,eDNA,water,C1,marine,0,passive,0.22,1,3,NA,disk,2,Spring,36.8045,-121.858,0,shallow,Apr.25,20250418-C1-torp-1,0,FALSE,NA,NA,NA,NA,NA,NA,NA,NA,NA,NA
138,20250418-C1-torp-2,NA,04.18.2025,NA,stationary,NA,NA,eDNA,water,C1,marine,0,passive,0.22,2,3,NA,disk,2,Spring,36.8045,-121.858,0,shallow,Apr.25,20250418-C1-torp-2,0,FALSE,NA,NA,NA,NA,NA,NA,NA,NA,NA,NA
139,20250418-M2-010m-1,NA,04.18.2025,NA,stationary,NA,NA,eDNA,water,M2,marine,10,active,0.22,1,NA,10,Sterivex,2,Spring,36.7015,-122.3743333,10,shallow,Apr.25,20250418-M2-010m-1,10,TRUE,10,0,32.97212814,12.24130787,0.089488475,6.014911044,262.0806853,10.07261725,12.24001458,SynchroOSW - Spring2025 - CTD - M2.cnv
140,20250418-M2-010m-2,NA,04.18.2025,NA,stationary,NA,NA,eDNA,water,M2,marine,10,active,0.22,2,NA,11,Sterivex,2,Spring,36.7015,-122.3743333,10,shallow,Apr.25,20250418-M2-010m-2,10,TRUE,10,0,32.97212814,12.24130787,0.089488475,6.014911044,262.0806853,10.07261725,12.24001458,SynchroOSW - Spring2025 - CTD - M2.cnv
141,20250418-M2-010m-3,NA,04.18.2025,NA,stationary,NA,NA,eDNA,water,M2,marine,10,active,0.22,3,NA,12,Sterivex,2,Spring,36.7015,-122.3743333,10,shallow,Apr.25,20250418-M2-010m-3,10,TRUE,10,0,32.97212814,12.24130787,0.089488475,6.014911044,262.0806853,10.07261725,12.24001458,SynchroOSW - Spring2025 - CTD - M2.cnv
142,20250418-M2-050m-1,NA,04.18.2025,NA,stationary,NA,NA,eDNA,water,M2,marine,50,active,0.22,1,NA,7,Sterivex,2,Spring,36.7015,-122.3743333,DeepChla,shallow,Apr.25,20250418-M2-050m-1,50,TRUE,50,0,33.633229,9.79568429,0.056511378,2.496828097,108.6898489,50.37462236,9.790059593,SynchroOSW - Spring2025 - CTD - M2.cnv
143,20250418-M2-050m-2,NA,04.18.2025,NA,stationary,NA,NA,eDNA,water,M2,marine,50,active,0.22,2,NA,8,Sterivex,2,Spring,36.7015,-122.3743333,DeepChla,shallow,Apr.25,20250418-M2-050m-2,50,TRUE,50,0,33.633229,9.79568429,0.056511378,2.496828097,108.6898489,50.37462236,9.790059593,SynchroOSW - Spring2025 - CTD - M2.cnv
144,20250418-M2-050m-3,NA,04.18.2025,NA,stationary,NA,NA,eDNA,water,M2,marine,50,active,0.22,3,NA,9,Sterivex,2,Spring,36.7015,-122.3743333,DeepChla,shallow,Apr.25,20250418-M2-050m-3,50,TRUE,50,0,33.633229,9.79568429,0.056511378,2.496828097,108.6898489,50.37462236,9.790059593,SynchroOSW - Spring2025 - CTD - M2.cnv
145,20250418-M2-150m-1,NA,04.18.2025,NA,stationary,NA,NA,eDNA,water,M2,marine,150,active,0.22,1,NA,4,Sterivex,2,Spring,36.7015,-122.3743333,150,deep,Apr.25,20250418-M2-150m-1,150,TRUE,150,0,34.03400517,8.227280993,0.007436162,2.009224287,87.41606864,151.1003168,8.211994172,SynchroOSW - Spring2025 - CTD - M2.cnv
146,20250418-M2-150m-2,NA,04.18.2025,NA,stationary,NA,NA,eDNA,water,M2,marine,150,active,0.22,2,NA,5,Sterivex,2,Spring,36.7015,-122.3743333,150,deep,Apr.25,20250418-M2-150m-2,150,TRUE,150,0,34.03400517,8.227280993,0.007436162,2.009224287,87.41606864,151.1003168,8.211994172,SynchroOSW - Spring2025 - CTD - M2.cnv
147,20250418-M2-150m-3,NA,04.18.2025,NA,stationary,NA,NA,eDNA,water,M2,marine,150,active,0.22,3,NA,6,Sterivex,2,Spring,36.7015,-122.3743333,150,deep,Apr.25,20250418-M2-150m-3,150,TRUE,150,0,34.03400517,8.227280993,0.007436162,2.009224287,87.41606864,151.1003168,8.211994172,SynchroOSW - Spring2025 - CTD - M2.cnv
148,20250418-M2-300m-1,NA,04.18.2025,NA,stationary,NA,NA,eDNA,water,M2,marine,300,active,0.22,1,NA,1,Sterivex,2,Spring,36.7015,-122.3743333,300,deep,Apr.25,20250418-M2-300m-1,300,TRUE,295,5,34.14179138,7.197349017,0.007326,1.105064297,48.06895613,297.4039334,7.169238743,SynchroOSW - Spring2025 - CTD - M2.cnv
149,20250418-M2-300m-2,NA,04.18.2025,NA,stationary,NA,NA,eDNA,water,M2,marine,300,active,0.22,2,NA,2,Sterivex,2,Spring,36.7015,-122.3743333,300,deep,Apr.25,20250418-M2-300m-2,300,TRUE,295,5,34.14179138,7.197349017,0.007326,1.105064297,48.06895613,297.4039334,7.169238743,SynchroOSW - Spring2025 - CTD - M2.cnv
150,20250418-M2-300m-3,NA,04.18.2025,NA,stationary,NA,NA,eDNA,water,M2,marine,300,active,0.22,3,NA,3,Sterivex,2,Spring,36.7015,-122.3743333,300,deep,Apr.25,20250418-M2-300m-3,300,TRUE,295,5,34.14179138,7.197349017,0.007326,1.105064297,48.06895613,297.4039334,7.169238743,SynchroOSW - Spring2025 - CTD - M2.cnv
151,20250418-M2-torp-1,NA,04.18.2025,NA,stationary,NA,NA,eDNA,water,M2,marine,0,passive,20,A,3 mins,NA,disk,2,Spring,36.7015,-122.3743333,0,shallow,Apr.25,20250418-M2-torp-1,0,FALSE,NA,NA,NA,NA,NA,NA,NA,NA,NA,NA
152,20250418-M2-torp-2,NA,04.18.2025,NA,stationary,NA,NA,eDNA,water,M2,marine,0,passive,20,B,3 mins,NA,disk,2,Spring,36.7015,-122.3743333,0,shallow,Apr.25,20250418-M2-torp-2,0,FALSE,NA,NA,NA,NA,NA,NA,NA,NA,NA,NA
153,20250418-Mars-torp-test,Testing torp with Iron,04.18.2025,NA,transition,NA,NA,eDNA,water,MARS,marine,0,passive,20,2,NA,NA,disk,2,Spring,36.743,-122.1068333,0,shallow,Apr.25,20250418-Mars-torp-test,0,FALSE,NA,NA,NA,NA,NA,NA,NA,NA,NA,NA
154,20250722-ESe-23a,NA,07.22.2025,11:50:00,stationary,NA,NA,eDNA,water,Elkhorn Slough,estuary,0,active,0.22,1,NA,23,disk,3,Summer,36.8117,-121.77959,0,shallow,Jul.25,20250722-ESe-23a,0,FALSE,NA,NA,NA,NA,NA,NA,NA,NA,NA,NA
155,20250722-ESe-23b,NA,07.22.2025,11:50:00,stationary,NA,NA,eDNA,water,Elkhorn Slough,estuary,0,active,0.22,2,NA,23,disk,3,Summer,36.8117,-121.77959,0,shallow,Jul.25,20250722-ESe-23b,0,FALSE,NA,NA,NA,NA,NA,NA,NA,NA,NA,NA
156,20250722-ESe19a,torp,07.22.2025,11:50:00,transition,NA,NA,eDNA,water,Elkhorn Slough,estuary,0,passive,20,1,1,19,disk,3,Summer,36.8117,-121.77959,0,shallow,Jul.25,20250722-ESe19a,0,FALSE,NA,NA,NA,NA,NA,NA,NA,NA,NA,NA
157,20250722-ESe19a-2,torp,07.22.2025,11:50:00,transition,NA,NA,eDNA,water,Elkhorn Slough,estuary,0,passive,20,1,1,19,disk,3,Summer,36.8117,-121.77959,0,shallow,Jul.25,20250722-ESe19a-2,0,FALSE,NA,NA,NA,NA,NA,NA,NA,NA,NA,NA
158,20250722-ESe19b,torp,07.22.2025,11:50:00,transition,NA,NA,eDNA,water,Elkhorn Slough,estuary,0,passive,20,2,1,19,disk,3,Summer,36.8117,-121.77959,0,shallow,Jul.25,20250722-ESe19b,0,FALSE,NA,NA,NA,NA,NA,NA,NA,NA,NA,NA
159,20250722-ESe20a,NA,07.22.2025,11:50:00,stationary,NA,NA,eDNA,water,Elkhorn Slough,estuary,0,active,0.22,1,NA,19,disk,3,Summer,36.8117,-121.77959,0,shallow,Jul.25,20250722-ESe20a,0,FALSE,NA,NA,NA,NA,NA,NA,NA,NA,NA,NA
160,20250722-ESe20b,NA,07.22.2025,11:50:00,stationary,NA,NA,eDNA,water,Elkhorn Slough,estuary,0,active,0.22,2,NA,20,disk,3,Summer,36.8117,-121.77959,0,shallow,Jul.25,20250722-ESe20b,0,FALSE,NA,NA,NA,NA,NA,NA,NA,NA,NA,NA
161,20250722-ESe20c,NA,07.22.2025,11:50:00,stationary,NA,NA,eDNA,water,Elkhorn Slough,estuary,0,active,0.22,3,NA,20,disk,3,Summer,36.8117,-121.77959,0,shallow,Jul.25,20250722-ESe20c,0,FALSE,NA,NA,NA,NA,NA,NA,NA,NA,NA,NA
162,20250722-ESe21a,NA,07.22.2025,11:50:00,stationary,NA,NA,eDNA,water,Elkhorn Slough,estuary,0,active,0.22,1,NA,20,disk,3,Summer,36.8117,-121.77959,0,shallow,Jul.25,20250722-ESe21a,0,FALSE,NA,NA,NA,NA,NA,NA,NA,NA,NA,NA
163,20250722-ESe21b,NA,07.22.2025,11:50:00,stationary,NA,NA,eDNA,water,Elkhorn Slough,estuary,0,active,0.22,2,NA,21,disk,3,Summer,36.8117,-121.77959,0,shallow,Jul.25,20250722-ESe21b,0,FALSE,NA,NA,NA,NA,NA,NA,NA,NA,NA,NA
164,20250722-ESe21c,NA,07.22.2025,11:50:00,stationary,NA,NA,eDNA,water,Elkhorn Slough,estuary,0,active,0.22,3,NA,21,disk,3,Summer,36.8117,-121.77959,0,shallow,Jul.25,20250722-ESe21c,0,FALSE,NA,NA,NA,NA,NA,NA,NA,NA,NA,NA
165,20250722-ESe22a,NA,07.22.2025,11:50:00,stationary,NA,NA,eDNA,water,Elkhorn Slough,estuary,0,active,0.22,1,NA,21,disk,3,Summer,36.8117,-121.77959,0,shallow,Jul.25,20250722-ESe22a,0,FALSE,NA,NA,NA,NA,NA,NA,NA,NA,NA,NA
166,20250722-ESe22b,20250722_Ese_22b,07.22.2025,11:50:00,stationary,NA,NA,eDNA,water,Elkhorn Slough,estuary,0,active,0.22,2,NA,22,disk,3,Summer,36.8117,-121.77959,0,shallow,Jul.25,20250722-ESe22b,0,FALSE,NA,NA,NA,NA,NA,NA,NA,NA,NA,NA
167,20250722-ESe22c,20250722_Ese_22c,07.22.2025,11:50:00,stationary,NA,NA,eDNA,water,Elkhorn Slough,estuary,0,active,0.22,3,NA,22,disk,3,Summer,36.8117,-121.77959,0,shallow,Jul.25,20250722-ESe22c,0,FALSE,NA,NA,NA,NA,NA,NA,NA,NA,NA,NA
168,20250723-M1-010M-1,NA,07.23.2025,NA,stationary,NA,NA,eDNA,water,M1,marine,10,active,0.22,1,NA,NA,Sterivex,3,Summer,36.74166667,-122.0268333,10,shallow,Jul.25,20250723-M1-010M-1,10,TRUE,10,0,33.64266175,14.54540462,0.157795698,5.979746034,260.536747,10.07329317,14.54393697,SynchroOSW - Summer2025 - CTD - M1.cnv
169,20250723-M1-010M-2,NA,07.23.2025,NA,stationary,NA,NA,eDNA,water,M1,marine,10,active,0.22,2,NA,NA,Sterivex,3,Summer,36.74166667,-122.0268333,10,shallow,Jul.25,20250723-M1-010M-2,10,TRUE,10,0,33.64266175,14.54540462,0.157795698,5.979746034,260.536747,10.07329317,14.54393697,SynchroOSW - Summer2025 - CTD - M1.cnv
170,20250723-M1-010M-3,NA,07.23.2025,NA,stationary,NA,NA,eDNA,water,M1,marine,10,active,0.22,3,NA,NA,Sterivex,3,Summer,36.74166667,-122.0268333,10,shallow,Jul.25,20250723-M1-010M-3,10,TRUE,10,0,33.64266175,14.54540462,0.157795698,5.979746034,260.536747,10.07329317,14.54393697,SynchroOSW - Summer2025 - CTD - M1.cnv
171,20250723-M1-016m-1,Deep Chl max,07.23.2025,NA,stationary,NA,NA,eDNA,water,M1,marine,16,active,0.22,1,NA,NA,Sterivex,3,Summer,36.74166667,-122.0268333,DeepChla,shallow,Jul.25,20250723-M1-016m-1,16,TRUE,16,0,33.68327553,14.65316732,0.220713822,6.078598187,264.8410901,16.11983887,14.65080553,SynchroOSW - Summer2025 - CTD - M1.cnv
172,20250723-M1-016m-2,Deep Chl max,07.23.2025,NA,stationary,NA,NA,eDNA,water,M1,marine,16,active,0.22,2,NA,NA,Sterivex,3,Summer,36.74166667,-122.0268333,DeepChla,shallow,Jul.25,20250723-M1-016m-2,16,TRUE,16,0,33.68327553,14.65316732,0.220713822,6.078598187,264.8410901,16.11983887,14.65080553,SynchroOSW - Summer2025 - CTD - M1.cnv
173,20250723-M1-016m-3,Deep Chl max,07.23.2025,NA,stationary,NA,NA,eDNA,water,M1,marine,16,active,0.22,3,NA,NA,Sterivex,3,Summer,36.74166667,-122.0268333,DeepChla,shallow,Jul.25,20250723-M1-016m-3,16,TRUE,16,0,33.68327553,14.65316732,0.220713822,6.078598187,264.8410901,16.11983887,14.65080553,SynchroOSW - Summer2025 - CTD - M1.cnv
174,20250723-M1-150m-1,NA,07.23.2025,NA,stationary,NA,NA,eDNA,water,M1,marine,150,active,0.22,1,NA,NA,Sterivex,3,Summer,36.74166667,-122.0268333,150,deep,Jul.25,20250723-M1-150m-1,150,TRUE,150,0,34.07131411,9.440372177,0.010866919,1.799232661,78.29154839,151.1693548,9.423699968,SynchroOSW - Summer2025 - CTD - M1.cnv
175,20250723-M1-150m-2,NA,07.23.2025,NA,stationary,NA,NA,eDNA,water,M1,marine,150,active,0.22,2,NA,NA,Sterivex,3,Summer,36.74166667,-122.0268333,150,deep,Jul.25,20250723-M1-150m-2,150,TRUE,150,0,34.07131411,9.440372177,0.010866919,1.799232661,78.29154839,151.1693548,9.423699968,SynchroOSW - Summer2025 - CTD - M1.cnv
176,20250723-M1-150m-3,NA,07.23.2025,NA,stationary,NA,NA,eDNA,water,M1,marine,150,active,0.22,3,NA,NA,Sterivex,3,Summer,36.74166667,-122.0268333,150,deep,Jul.25,20250723-M1-150m-3,150,TRUE,150,0,34.07131411,9.440372177,0.010866919,1.799232661,78.29154839,151.1693548,9.423699968,SynchroOSW - Summer2025 - CTD - M1.cnv
177,20250723-M1-300m-1,NA,07.23.2025,NA,stationary,NA,NA,eDNA,water,M1,marine,300,active,0.22,1,NA,NA,Sterivex,3,Summer,36.74166667,-122.0268333,300,deep,Jul.25,20250723-M1-300m-1,300,TRUE,295,5,34.18318112,8.260875513,0.011002133,1.064359188,46.30183949,297.2704058,8.23037705,SynchroOSW - Summer2025 - CTD - M1.cnv
178,20250723-M1-300m-2,NA,07.23.2025,NA,stationary,NA,NA,eDNA,water,M1,marine,300,active,0.22,2,NA,NA,Sterivex,3,Summer,36.74166667,-122.0268333,300,deep,Jul.25,20250723-M1-300m-2,300,TRUE,295,5,34.18318112,8.260875513,0.011002133,1.064359188,46.30183949,297.2704058,8.23037705,SynchroOSW - Summer2025 - CTD - M1.cnv
179,20250723-M1-300m-3,NA,07.23.2025,NA,stationary,NA,NA,eDNA,water,M1,marine,300,active,0.22,3,NA,NA,Sterivex,3,Summer,36.74166667,-122.0268333,300,deep,Jul.25,20250723-M1-300m-3,300,TRUE,295,5,34.18318112,8.260875513,0.011002133,1.064359188,46.30183949,297.2704058,8.23037705,SynchroOSW - Summer2025 - CTD - M1.cnv
180,20250723-M1-air-st-A,deployed for 20 mins,07.23.2025,NA,stationary,M1,M1,eDNA,air,M1,marine,0,passive,0.22,1,NA,NA,disk,3,Summer,36.74166667,-122.0268333,0,shallow,Jul.25,20250723-M1-air-st-A,0,FALSE,NA,NA,NA,NA,NA,NA,NA,NA,NA,NA
181,20250723-M1-air-st-B,deployed for 20 mins,07.23.2025,NA,stationary,M1,M1,eDNA,air,M1,marine,0,passive,0.22,2,NA,NA,disk,3,Summer,36.74166667,-122.0268333,0,shallow,Jul.25,20250723-M1-air-st-B,0,FALSE,NA,NA,NA,NA,NA,NA,NA,NA,NA,NA
182,20250723-M1-air-st-C,deployed for 20 mins,07.23.2025,NA,stationary,M1,M1,eDNA,air,M1,marine,0,passive,0.22,3,NA,NA,disk,3,Summer,36.74166667,-122.0268333,0,shallow,Jul.25,20250723-M1-air-st-C,0,FALSE,NA,NA,NA,NA,NA,NA,NA,NA,NA,NA
183,20250723-M1-torp-A,NA,07.23.2025,NA,transition,NA,NA,eDNA,water,M1,marine,0,passive,20,1,NA,NA,disk,3,Summer,36.74166667,-122.0268333,0,shallow,Jul.25,20250723-M1-torp-A,0,FALSE,NA,NA,NA,NA,NA,NA,NA,NA,NA,NA
184,20250723-M1-torp-B,NA,07.23.2025,NA,transition,NA,NA,eDNA,water,M1,marine,0,passive,20,2,NA,NA,disk,3,Summer,36.74166667,-122.0268333,0,shallow,Jul.25,20250723-M1-torp-B,0,FALSE,NA,NA,NA,NA,NA,NA,NA,NA,NA,NA
185,20250723-ML-M1-air-A,mainland to M1,07.23.2025,NA,transition,ML,M1,eDNA,air,M1,marine,0,passive,0.22,1,NA,NA,disk,3,Summer,36.74166667,-122.0268333,0,shallow,Jul.25,20250723-ML-M1-air-A,0,FALSE,NA,NA,NA,NA,NA,NA,NA,NA,NA,NA
186,20250723-ML-M1-air-B,mainland to M1,07.23.2025,NA,transition,ML,M1,eDNA,air,M1,marine,0,passive,0.22,2,NA,NA,disk,3,Summer,36.74166667,-122.0268333,0,shallow,Jul.25,20250723-ML-M1-air-B,0,FALSE,NA,NA,NA,NA,NA,NA,NA,NA,NA,NA
187,20250723-ML-M1-air-C,mainland to M1,07.23.2025,NA,transition,ML,M1,eDNA,air,M1,marine,0,passive,0.22,3,NA,NA,disk,3,Summer,36.74166667,-122.0268333,0,shallow,Jul.25,20250723-ML-M1-air-C,0,FALSE,NA,NA,NA,NA,NA,NA,NA,NA,NA,NA
188,20250723-OSWS-010m-1,NA,07.23.2025,NA,stationary,NA,NA,eDNA,water,OSWS,marine,10,active,0.22,1,NA,NA,Sterivex,3,Summer,36.6775,-122.53517,10,shallow,Jul.25,20250723-OSWS-010m-1,10,TRUE,10,0,33.67877983,14.35366293,0.726075794,6.260725113,272.7589622,10.0706001,14.35220903,SynchroOSW - Summer2025 - CTD - Synchro1.cnv
189,20250723-OSWS-010m-2,NA,07.23.2025,NA,stationary,NA,NA,eDNA,water,OSWS,marine,150,active,0.22,2,NA,NA,Sterivex,3,Summer,36.6775,-122.53517,150,deep,Jul.25,20250723-OSWS-010m-2,150,TRUE,150,0,34.07201251,9.643856256,0.008860498,1.728881183,75.23599709,151.1251212,9.626961302,SynchroOSW - Summer2025 - CTD - Synchro1.cnv
190,20250723-OSWS-010m-3,NA,07.23.2025,NA,stationary,NA,NA,eDNA,water,OSWS,marine,150,active,0.22,3,NA,NA,Sterivex,3,Summer,36.6775,-122.53517,150,deep,Jul.25,20250723-OSWS-010m-3,150,TRUE,150,0,34.07201251,9.643856256,0.008860498,1.728881183,75.23599709,151.1251212,9.626961302,SynchroOSW - Summer2025 - CTD - Synchro1.cnv
191,20250723-OSWS-010m-4,NA,07.23.2025,NA,stationary,NA,NA,eDNA,water,OSWS,marine,150,active,0.22,4,NA,NA,Sterivex,3,Summer,36.6775,-122.53517,150,deep,Jul.25,20250723-OSWS-010m-4,150,TRUE,150,0,34.07201251,9.643856256,0.008860498,1.728881183,75.23599709,151.1251212,9.626961302,SynchroOSW - Summer2025 - CTD - Synchro1.cnv
192,20250723-OSWS-010m-5,NA,07.23.2025,NA,stationary,NA,NA,eDNA,water,OSWS,marine,300,active,0.22,5,NA,NA,Sterivex,3,Summer,36.6775,-122.53517,300,deep,Jul.25,20250723-OSWS-010m-5,300,TRUE,295,5,34.2239068,8.753498035,0.007617085,1.106391889,48.13407355,297.404534,8.721875276,SynchroOSW - Summer2025 - CTD - Synchro1.cnv
193,20250723-OSWS-010m-6,NA,07.23.2025,NA,stationary,NA,NA,eDNA,water,OSWS,marine,300,active,0.22,6,NA,NA,Sterivex,3,Summer,36.6775,-122.53517,300,deep,Jul.25,20250723-OSWS-010m-6,300,TRUE,295,5,34.2239068,8.753498035,0.007617085,1.106391889,48.13407355,297.404534,8.721875276,SynchroOSW - Summer2025 - CTD - Synchro1.cnv
194,20250723-OSWS-150m-1,NA,07.23.2025,NA,stationary,NA,NA,eDNA,water,OSWS,marine,10,active,0.22,1,NA,NA,Sterivex,3,Summer,36.6775,-122.53517,10,shallow,Jul.25,20250723-OSWS-150m-1,10,TRUE,10,0,33.67877983,14.35366293,0.726075794,6.260725113,272.7589622,10.0706001,14.35220903,SynchroOSW - Summer2025 - CTD - Synchro1.cnv
195,20250723-OSWS-150m-2,NA,07.23.2025,NA,stationary,NA,NA,eDNA,water,OSWS,marine,10,active,0.22,2,NA,NA,Sterivex,3,Summer,36.6775,-122.53517,10,shallow,Jul.25,20250723-OSWS-150m-2,10,TRUE,10,0,33.67877983,14.35366293,0.726075794,6.260725113,272.7589622,10.0706001,14.35220903,SynchroOSW - Summer2025 - CTD - Synchro1.cnv
196,20250723-OSWS-150m-3,NA,07.23.2025,NA,stationary,NA,NA,eDNA,water,OSWS,marine,10,active,0.22,3,NA,NA,Sterivex,3,Summer,36.6775,-122.53517,10,shallow,Jul.25,20250723-OSWS-150m-3,10,TRUE,10,0,33.67877983,14.35366293,0.726075794,6.260725113,272.7589622,10.0706001,14.35220903,SynchroOSW - Summer2025 - CTD - Synchro1.cnv
197,20250723-OSWS-300m-1,NA,07.23.2025,NA,stationary,NA,NA,eDNA,water,OSWS,marine,10,active,0.22,1,NA,NA,Sterivex,3,Summer,36.6775,-122.53517,10,shallow,Jul.25,20250723-OSWS-300m-1,10,TRUE,10,0,33.67877983,14.35366293,0.726075794,6.260725113,272.7589622,10.0706001,14.35220903,SynchroOSW - Summer2025 - CTD - Synchro1.cnv
198,20250723-OSWS-300m-2,NA,07.23.2025,NA,stationary,NA,NA,eDNA,water,OSWS,marine,10,active,0.22,3,NA,NA,Sterivex,3,Summer,36.6775,-122.53517,10,shallow,Jul.25,20250723-OSWS-300m-2,10,TRUE,10,0,33.67877983,14.35366293,0.726075794,6.260725113,272.7589622,10.0706001,14.35220903,SynchroOSW - Summer2025 - CTD - Synchro1.cnv
199,20250723-OSWS-300m-2-b,duplicate,07.23.2025,NA,stationary,NA,NA,eDNA,water,OSWS,marine,10,active,0.22,4,NA,NA,Sterivex,3,Summer,36.6775,-122.53517,10,shallow,Jul.25,20250723-OSWS-300m-2-b,10,TRUE,10,0,33.67877983,14.35366293,0.726075794,6.260725113,272.7589622,10.0706001,14.35220903,SynchroOSW - Summer2025 - CTD - Synchro1.cnv
200,20250723-OSWS-300m-3,NA,07.23.2025,NA,stationary,NA,NA,eDNA,water,OSWS,marine,10,active,0.22,2,NA,NA,Sterivex,3,Summer,36.6775,-122.53517,10,shallow,Jul.25,20250723-OSWS-300m-3,10,TRUE,10,0,33.67877983,14.35366293,0.726075794,6.260725113,272.7589622,10.0706001,14.35220903,SynchroOSW - Summer2025 - CTD - Synchro1.cnv
201,20250723-OSWS-air-1,transition,07.23.2025,NA,transition,M1,OSWS,eDNA,air,OSWS,marine,300,active,0.22,1,NA,NA,Sterivex,3,Summer,36.6775,-122.53517,300,deep,Jul.25,20250723-OSWS-air-1,300,FALSE,NA,NA,NA,NA,NA,NA,NA,NA,NA,NA
202,20250723-OSWS-air-2,transition,07.23.2025,NA,transition,M1,OSWS,eDNA,air,OSWS,marine,0,passive,0.22,2,NA,NA,disk,3,Summer,36.6775,-122.53517,0,shallow,Jul.25,20250723-OSWS-air-2,0,FALSE,NA,NA,NA,NA,NA,NA,NA,NA,NA,NA
203,20250723-OSWS-air-3,transition,07.23.2025,NA,transition,M1,OSWS,eDNA,air,OSWS,marine,0,passive,0.22,3,NA,NA,disk,3,Summer,36.6775,-122.53517,0,shallow,Jul.25,20250723-OSWS-air-3,0,FALSE,NA,NA,NA,NA,NA,NA,NA,NA,NA,NA
204,20250723-OSWS-air-st-1,NA,07.23.2025,NA,stationary,OSWS,OSWS,eDNA,air,OSWS,marine,0,passive,0.22,1,NA,NA,disk,3,Summer,36.6775,-122.53517,0,shallow,Jul.25,20250723-OSWS-air-st-1,0,FALSE,NA,NA,NA,NA,NA,NA,NA,NA,NA,NA
205,20250723-OSWS-air-st-2,NA,07.23.2025,NA,stationary,OSWS,OSWS,eDNA,air,OSWS,marine,0,passive,0.22,2,NA,NA,disk,3,Summer,36.6775,-122.53517,0,shallow,Jul.25,20250723-OSWS-air-st-2,0,FALSE,NA,NA,NA,NA,NA,NA,NA,NA,NA,NA
206,20250723-OSWS-air-st-3,NA,07.23.2025,NA,stationary,OSWS,OSWS,eDNA,air,OSWS,marine,0,passive,0.22,3,NA,NA,disk,3,Summer,36.6775,-122.53517,0,shallow,Jul.25,20250723-OSWS-air-st-3,0,FALSE,NA,NA,NA,NA,NA,NA,NA,NA,NA,NA
207,20250723-OSWS-torp-1,O-Ring not sealed,07.23.2025,NA,transition,NA,NA,eDNA,water,OSWS,marine,0,passive,20,1,NA,NA,disk,3,Summer,36.6775,-122.53517,0,shallow,Jul.25,20250723-OSWS-torp-1,0,FALSE,NA,NA,NA,NA,NA,NA,NA,NA,NA,NA
208,20250723-OSWS-torp-2,NA,07.23.2025,NA,transition,NA,NA,eDNA,water,OSWS,marine,0,passive,20,2,NA,NA,disk,3,Summer,36.6775,-122.53517,0,shallow,Jul.25,20250723-OSWS-torp-2,0,FALSE,NA,NA,NA,NA,NA,NA,NA,NA,NA,NA
209,20250724-C1-010m-1,NA,07.24.2025,NA,stationary,NA,NA,eDNA,water,C1,marine,10,active,0.22,1,NA,NA,Sterivex,3,Summer,36.8045,-121.858,10,shallow,Jul.25,20250724-C1-010m-1,10,TRUE,10,0,33.6744613,12.79782048,0.173837553,5.504671847,239.7473123,10.0716448,12.79647737,SynchroOSW - Summer2025 - CTD - C1.cnv
210,20250724-C1-010m-2,NA,07.24.2025,NA,stationary,NA,NA,eDNA,water,C1,marine,10,active,0.22,2,NA,NA,Sterivex,3,Summer,36.8045,-121.858,10,shallow,Jul.25,20250724-C1-010m-2,10,TRUE,10,0,33.6744613,12.79782048,0.173837553,5.504671847,239.7473123,10.0716448,12.79647737,SynchroOSW - Summer2025 - CTD - C1.cnv
211,20250724-C1-010m-3,NA,07.24.2025,NA,stationary,NA,NA,eDNA,water,C1,marine,10,active,0.22,3,NA,NA,Sterivex,3,Summer,36.8045,-121.858,10,shallow,Jul.25,20250724-C1-010m-3,10,TRUE,10,0,33.6744613,12.79782048,0.173837553,5.504671847,239.7473123,10.0716448,12.79647737,SynchroOSW - Summer2025 - CTD - C1.cnv
212,20250724-C1-010m-4,Deep Chl max,07.24.2025,NA,stationary,NA,NA,eDNA,water,C1,marine,10,active,0.22,4,NA,NA,Sterivex,3,Summer,36.8045,-121.858,10,shallow,Jul.25,20250724-C1-010m-4,10,TRUE,10,0,33.6744613,12.79782048,0.173837553,5.504671847,239.7473123,10.0716448,12.79647737,SynchroOSW - Summer2025 - CTD - C1.cnv
213,20250724-C1-010m-5,Deep Chl max,07.24.2025,NA,stationary,NA,NA,eDNA,water,C1,marine,10,active,0.22,5,NA,NA,Sterivex,3,Summer,36.8045,-121.858,10,shallow,Jul.25,20250724-C1-010m-5,10,TRUE,10,0,33.6744613,12.79782048,0.173837553,5.504671847,239.7473123,10.0716448,12.79647737,SynchroOSW - Summer2025 - CTD - C1.cnv
214,20250724-C1-010m-6,Deep Chl max,07.24.2025,NA,stationary,NA,NA,eDNA,water,C1,marine,10,active,0.22,6,NA,NA,Sterivex,3,Summer,36.8045,-121.858,10,shallow,Jul.25,20250724-C1-010m-6,10,TRUE,10,0,33.6744613,12.79782048,0.173837553,5.504671847,239.7473123,10.0716448,12.79647737,SynchroOSW - Summer2025 - CTD - C1.cnv
215,20250724-C1-010m-7,NA,07.24.2025,NA,stationary,NA,NA,eDNA,water,C1,marine,10,active,0.22,7,NA,NA,Sterivex,3,Summer,36.8045,-121.858,10,shallow,Jul.25,20250724-C1-010m-7,10,TRUE,10,0,33.6744613,12.79782048,0.173837553,5.504671847,239.7473123,10.0716448,12.79647737,SynchroOSW - Summer2025 - CTD - C1.cnv
216,20250724-C1-010m-8,NA,07.24.2025,NA,stationary,NA,NA,eDNA,water,C1,marine,10,active,0.22,8,NA,NA,Sterivex,3,Summer,36.8045,-121.858,10,shallow,Jul.25,20250724-C1-010m-8,10,TRUE,10,0,33.6744613,12.79782048,0.173837553,5.504671847,239.7473123,10.0716448,12.79647737,SynchroOSW - Summer2025 - CTD - C1.cnv
217,20250724-C1-010m-9,NA,07.24.2025,NA,stationary,NA,NA,eDNA,water,C1,marine,10,active,0.22,9,NA,NA,Sterivex,3,Summer,36.8045,-121.858,10,shallow,Jul.25,20250724-C1-010m-9,10,TRUE,10,0,33.6744613,12.79782048,0.173837553,5.504671847,239.7473123,10.0716448,12.79647737,SynchroOSW - Summer2025 - CTD - C1.cnv
218,20250724-C1-150m-1,NA,07.24.2025,NA,stationary,NA,NA,eDNA,water,C1,marine,150,active,0.22,1,NA,NA,Sterivex,3,Summer,36.8045,-121.858,150,deep,Jul.25,20250724-C1-150m-1,150,TRUE,150,0,34.04120655,9.637498628,0.01467096,2.060451067,89.66591159,151.1615854,9.620613577,SynchroOSW - Summer2025 - CTD - C1.cnv
219,20250724-C1-150m-2,NA,07.24.2025,NA,stationary,NA,NA,eDNA,water,C1,marine,150,active,0.22,2,NA,NA,Sterivex,3,Summer,36.8045,-121.858,150,deep,Jul.25,20250724-C1-150m-2,150,TRUE,150,0,34.04120655,9.637498628,0.01467096,2.060451067,89.66591159,151.1615854,9.620613577,SynchroOSW - Summer2025 - CTD - C1.cnv
220,20250724-C1-150m-3,NA,07.24.2025,NA,stationary,NA,NA,eDNA,water,C1,marine,150,active,0.22,3,NA,NA,Sterivex,3,Summer,36.8045,-121.858,150,deep,Jul.25,20250724-C1-150m-3,150,TRUE,150,0,34.04120655,9.637498628,0.01467096,2.060451067,89.66591159,151.1615854,9.620613577,SynchroOSW - Summer2025 - CTD - C1.cnv
221,20250724-C1-air-st-1,NA,07.24.2025,NA,stationary,C1,C1,eDNA,air,C1,marine,0,passive,0.22,1,NA,NA,disk,3,Summer,36.8045,-121.858,0,shallow,Jul.25,20250724-C1-air-st-1,0,FALSE,NA,NA,NA,NA,NA,NA,NA,NA,NA,NA
222,20250724-C1-air-st-2,NA,07.24.2025,NA,stationary,C1,C1,eDNA,air,C1,marine,0,passive,0.22,2,NA,NA,disk,3,Summer,36.8045,-121.858,0,shallow,Jul.25,20250724-C1-air-st-2,0,FALSE,NA,NA,NA,NA,NA,NA,NA,NA,NA,NA
223,20250724-C1-air-st-3,NA,07.24.2025,NA,stationary,C1,C1,eDNA,air,C1,marine,0,passive,0.22,3,NA,NA,disk,3,Summer,36.8045,-121.858,0,shallow,Jul.25,20250724-C1-air-st-3,0,FALSE,NA,NA,NA,NA,NA,NA,NA,NA,NA,NA
224,20250724-C1-M2-air-1,NA,07.24.2025,NA,transition,C1,M2,eDNA,air,C1,marine,10,passive,0.22,1,NA,NA,disk,3,Summer,36.8045,-121.858,10,shallow,Jul.25,20250724-C1-M2-air-1,10,FALSE,NA,NA,NA,NA,NA,NA,NA,NA,NA,NA
225,20250724-C1-M2-air-2,NA,07.24.2025,NA,transition,C1,M2,eDNA,air,C1,marine,0,passive,0.22,2,NA,NA,disk,3,Summer,36.8045,-121.858,0,shallow,Jul.25,20250724-C1-M2-air-2,0,FALSE,NA,NA,NA,NA,NA,NA,NA,NA,NA,NA
226,20250724-C1-M2-air-3,NA,07.24.2025,NA,transition,C1,M2,eDNA,air,C1,marine,0,passive,0.22,3,NA,NA,disk,3,Summer,36.8045,-121.858,0,shallow,Jul.25,20250724-C1-M2-air-3,0,FALSE,NA,NA,NA,NA,NA,NA,NA,NA,NA,NA
227,20250724-M1-C-torp-A,torp,10.28.2025,NA,transition,M1,C1,eDNA,water,C1,marine,0,passive,0.22,1,3,NA,disk,4,Autumn,36.8,-121.8562,0,shallow,Oct.25,20250724-M1-C-torp-A,0,FALSE,NA,NA,NA,NA,NA,NA,NA,NA,NA,NA
228,20250724-M1-C-torp-B,torp,10.28.2025,NA,transition,M1,C+,eDNA,water,C1,marine,0,passive,0.22,2,3,NA,disk,4,Autumn,36.8,-121.8562,0,shallow,Oct.25,20250724-M1-C-torp-B,0,FALSE,NA,NA,NA,NA,NA,NA,NA,NA,NA,NA
229,20250724-M2-003m-1,Deep Chl max,07.24.2025,NA,stationary,NA,NA,eDNA,water,M2,marine,3,active,0.22,1,NA,NA,Sterivex,3,Summer,36.7015,-122.3743333,DeepChla,shallow,Jul.25,20250724-M2-003m-1,3,TRUE,6,3,33.68861798,13.21501093,0.480538615,5.682728212,247.5177053,6.044332494,13.2141869,SynchroOSW - Summer2025 - CTD - M2.cnv
230,20250724-M2-003m-2,Deep Chl max,07.24.2025,NA,stationary,NA,NA,eDNA,water,M2,marine,3,active,0.22,2,NA,NA,Sterivex,3,Summer,36.7015,-122.3743333,DeepChla,shallow,Jul.25,20250724-M2-003m-2,3,TRUE,6,3,33.68861798,13.21501093,0.480538615,5.682728212,247.5177053,6.044332494,13.2141869,SynchroOSW - Summer2025 - CTD - M2.cnv
231,20250724-M2-003m-3,Deep Chl max,07.24.2025,NA,stationary,NA,NA,eDNA,water,M2,marine,3,active,0.22,3,NA,NA,Sterivex,3,Summer,36.7015,-122.3743333,DeepChla,shallow,Jul.25,20250724-M2-003m-3,3,TRUE,6,3,33.68861798,13.21501093,0.480538615,5.682728212,247.5177053,6.044332494,13.2141869,SynchroOSW - Summer2025 - CTD - M2.cnv
232,20250724-M2-010m-1,NA,07.24.2025,NA,stationary,NA,NA,eDNA,water,M2,marine,10,active,0.22,1,NA,NA,Sterivex,3,Summer,36.7015,-122.3743333,10,shallow,Jul.25,20250724-M2-010m-1,10,TRUE,10,0,33.68439627,13.08262987,0.438505254,5.533827708,241.0298257,10.07455919,13.08126573,SynchroOSW - Summer2025 - CTD - M2.cnv
233,20250724-M2-010m-2,NA,07.24.2025,NA,stationary,NA,NA,eDNA,water,M2,marine,10,active,0.22,2,NA,NA,Sterivex,3,Summer,36.7015,-122.3743333,10,shallow,Jul.25,20250724-M2-010m-2,10,TRUE,10,0,33.68439627,13.08262987,0.438505254,5.533827708,241.0298257,10.07455919,13.08126573,SynchroOSW - Summer2025 - CTD - M2.cnv
234,20250724-M2-010m-3,NA,07.24.2025,NA,stationary,NA,NA,eDNA,water,M2,marine,10,active,0.22,3,NA,NA,Sterivex,3,Summer,36.7015,-122.3743333,10,shallow,Jul.25,20250724-M2-010m-3,10,TRUE,10,0,33.68439627,13.08262987,0.438505254,5.533827708,241.0298257,10.07455919,13.08126573,SynchroOSW - Summer2025 - CTD - M2.cnv
235,20250724-M2-150m-1,NA,07.24.2025,NA,stationary,NA,NA,eDNA,water,M2,marine,150,active,0.22,1,NA,NA,Sterivex,3,Summer,36.7015,-122.3743333,150,deep,Jul.25,20250724-M2-150m-1,150,TRUE,150,0,34.06683379,9.720881745,0.007953102,1.862811447,81.06293747,151.168936,9.703897028,SynchroOSW - Summer2025 - CTD - M2.cnv
236,20250724-M2-150m-2,NA,07.24.2025,NA,stationary,NA,NA,eDNA,water,M2,marine,150,active,0.22,2,NA,NA,Sterivex,3,Summer,36.7015,-122.3743333,150,deep,Jul.25,20250724-M2-150m-2,150,TRUE,150,0,34.06683379,9.720881745,0.007953102,1.862811447,81.06293747,151.168936,9.703897028,SynchroOSW - Summer2025 - CTD - M2.cnv
237,20250724-M2-150m-3,NA,07.24.2025,NA,stationary,NA,NA,eDNA,water,M2,marine,150,active,0.22,3,NA,NA,Sterivex,3,Summer,36.7015,-122.3743333,150,deep,Jul.25,20250724-M2-150m-3,150,TRUE,150,0,34.06683379,9.720881745,0.007953102,1.862811447,81.06293747,151.168936,9.703897028,SynchroOSW - Summer2025 - CTD - M2.cnv
238,20250724-M2-300m-1,NA,07.24.2025,NA,stationary,NA,NA,eDNA,water,M2,marine,300,active,0.22,1,NA,NA,Sterivex,3,Summer,36.7015,-122.3743333,300,deep,Jul.25,20250724-M2-300m-1,300,TRUE,297,3,34.21593431,8.650096885,0.00802908,1.189159698,51.73369703,299.3336479,8.618499038,SynchroOSW - Summer2025 - CTD - M2.cnv
239,20250724-M2-300m-2,NA,07.24.2025,NA,stationary,NA,NA,eDNA,water,M2,marine,300,active,0.22,2,NA,NA,Sterivex,3,Summer,36.7015,-122.3743333,300,deep,Jul.25,20250724-M2-300m-2,300,TRUE,297,3,34.21593431,8.650096885,0.00802908,1.189159698,51.73369703,299.3336479,8.618499038,SynchroOSW - Summer2025 - CTD - M2.cnv
240,20250724-M2-300m-3,NA,07.24.2025,NA,stationary,NA,NA,eDNA,water,M2,marine,300,active,0.22,3,NA,NA,Sterivex,3,Summer,36.7015,-122.3743333,300,deep,Jul.25,20250724-M2-300m-3,300,TRUE,297,3,34.21593431,8.650096885,0.00802908,1.189159698,51.73369703,299.3336479,8.618499038,SynchroOSW - Summer2025 - CTD - M2.cnv
241,20250724-M2-air-st-1,NA,07.24.2025,NA,stationary,M2,M2,eDNA,air,M2,marine,0,passive,0.22,1,NA,NA,Sterivex,3,Summer,36.7015,-122.3743333,0,shallow,Jul.25,20250724-M2-air-st-1,0,FALSE,NA,NA,NA,NA,NA,NA,NA,NA,NA,NA
242,20250724-M2-air-st-2,NA,07.24.2025,NA,stationary,M2,NA,eDNA,air,M2,marine,0,passive,0.22,2,NA,NA,Sterivex,3,Summer,36.7015,-122.3743333,0,shallow,Jul.25,20250724-M2-air-st-2,0,FALSE,NA,NA,NA,NA,NA,NA,NA,NA,NA,NA
243,20250724-M2-air-st-3,NA,07.24.2025,NA,stationary,M2,M2,eDNA,air,M2,marine,0,passive,0.22,3,NA,NA,Sterivex,3,Summer,36.7015,-122.3743333,0,shallow,Jul.25,20250724-M2-air-st-3,0,FALSE,NA,NA,NA,NA,NA,NA,NA,NA,NA,NA
244,20250724-M2-torp-A,NA,07.24.2025,NA,transition,NA,NA,eDNA,water,M2,marine,0,passive,20,1,3,NA,disk,3,Summer,36.7015,-122.3743333,0,shallow,Jul.25,20250724-M2-torp-A,0,FALSE,NA,NA,NA,NA,NA,NA,NA,NA,NA,NA
245,20250724-M2-torp-B,NA,07.24.2025,NA,transition,NA,NA,eDNA,water,M2,marine,0,passive,20,2,3,NA,disk,3,Summer,36.7015,-122.3743333,0,shallow,Jul.25,20250724-M2-torp-B,0,FALSE,NA,NA,NA,NA,NA,NA,NA,NA,NA,NA
246,20250724-MARS-010m-1,NA,07.24.2025,NA,stationary,NA,NA,eDNA,water,MARS,marine,10,active,0.22,1,NA,NA,Sterivex,3,Summer,36.743,-122.1068333,10,shallow,Jul.25,20250724-MARS-010m-1,10,TRUE,10,0,33.68832623,14.48379408,0.591756734,6.730529772,293.2324511,10.06177215,14.48233203,SynchroOSW - Summer2025 - CTD - MARS.cnv
247,20250724-MARS-010m-2,NA,07.24.2025,NA,stationary,NA,NA,eDNA,water,MARS,marine,10,active,0.22,2,NA,NA,Sterivex,3,Summer,36.743,-122.1068333,10,shallow,Jul.25,20250724-MARS-010m-2,10,TRUE,10,0,33.68832623,14.48379408,0.591756734,6.730529772,293.2324511,10.06177215,14.48233203,SynchroOSW - Summer2025 - CTD - MARS.cnv
248,20250724-MARS-010m-3,NA,07.24.2025,NA,stationary,NA,NA,eDNA,water,MARS,marine,10,active,0.22,3,NA,NA,Sterivex,3,Summer,36.743,-122.1068333,10,shallow,Jul.25,20250724-MARS-010m-3,10,TRUE,10,0,33.68832623,14.48379408,0.591756734,6.730529772,293.2324511,10.06177215,14.48233203,SynchroOSW - Summer2025 - CTD - MARS.cnv
249,20250724-MARS-014m-1,Deep Chl max,07.24.2025,NA,stationary,NA,NA,eDNA,water,MARS,marine,14,active,0.22,1,NA,NA,Sterivex,3,Summer,36.743,-122.1068333,DeepChla,shallow,Jul.25,20250724-MARS-014m-1,14,TRUE,14,0,33.70406481,13.99409954,0.681132861,6.401017897,278.8476633,14.09807887,13.99209891,SynchroOSW - Summer2025 - CTD - MARS.cnv
250,20250724-MARS-014m-2,Deep Chl max,07.24.2025,NA,stationary,NA,NA,eDNA,water,MARS,marine,14,active,0.22,2,NA,NA,Sterivex,3,Summer,36.743,-122.1068333,DeepChla,shallow,Jul.25,20250724-MARS-014m-2,14,TRUE,14,0,33.70406481,13.99409954,0.681132861,6.401017897,278.8476633,14.09807887,13.99209891,SynchroOSW - Summer2025 - CTD - MARS.cnv
251,20250724-MARS-014m-3,Deep Chl max,07.24.2025,NA,stationary,NA,NA,eDNA,water,MARS,marine,14,active,0.22,3,NA,NA,Sterivex,3,Summer,36.743,-122.1068333,DeepChla,shallow,Jul.25,20250724-MARS-014m-3,14,TRUE,14,0,33.70406481,13.99409954,0.681132861,6.401017897,278.8476633,14.09807887,13.99209891,SynchroOSW - Summer2025 - CTD - MARS.cnv
252,20250724-MARS-150m-1,NA,07.24.2025,NA,stationary,NA,NA,eDNA,water,MARS,marine,150,active,0.22,1,NA,NA,Sterivex,3,Summer,36.743,-122.1068333,150,deep,Jul.25,20250724-MARS-150m-1,150,TRUE,150,0,34.08129939,9.60422697,0.007903462,1.800274747,78.33818586,151.1656566,9.587369656,SynchroOSW - Summer2025 - CTD - MARS.cnv
253,20250724-MARS-150m-2,NA,07.24.2025,NA,stationary,NA,NA,eDNA,water,MARS,marine,150,active,0.22,2,NA,NA,Sterivex,3,Summer,36.743,-122.1068333,150,deep,Jul.25,20250724-MARS-150m-2,150,TRUE,150,0,34.08129939,9.60422697,0.007903462,1.800274747,78.33818586,151.1656566,9.587369656,SynchroOSW - Summer2025 - CTD - MARS.cnv
254,20250724-MARS-150m-3,NA,07.24.2025,NA,stationary,NA,NA,eDNA,water,MARS,marine,150,active,0.22,3,NA,NA,Sterivex,3,Summer,36.743,-122.1068333,150,deep,Jul.25,20250724-MARS-150m-3,150,TRUE,150,0,34.08129939,9.60422697,0.007903462,1.800274747,78.33818586,151.1656566,9.587369656,SynchroOSW - Summer2025 - CTD - MARS.cnv
255,20250724-MARS-300m-1,NA,07.24.2025,NA,stationary,NA,NA,eDNA,water,MARS,marine,300,active,0.22,1,NA,NA,Sterivex,3,Summer,36.743,-122.1068333,300,deep,Jul.25,20250724-MARS-300m-1,300,TRUE,295,5,34.20822118,8.777791982,0.007696576,1.217687897,52.97708472,297.4039334,8.74612271,SynchroOSW - Summer2025 - CTD - MARS.cnv
256,20250724-MARS-300m-2,NA,07.24.2025,NA,stationary,NA,NA,eDNA,water,MARS,marine,300,active,0.22,2,NA,NA,Sterivex,3,Summer,36.743,-122.1068333,300,deep,Jul.25,20250724-MARS-300m-2,300,TRUE,295,5,34.20822118,8.777791982,0.007696576,1.217687897,52.97708472,297.4039334,8.74612271,SynchroOSW - Summer2025 - CTD - MARS.cnv
257,20250724-MARS-300m-3,NA,07.24.2025,NA,stationary,NA,NA,eDNA,water,MARS,marine,300,active,0.22,3,NA,NA,Sterivex,3,Summer,36.743,-122.1068333,300,deep,Jul.25,20250724-MARS-300m-3,300,TRUE,295,5,34.20822118,8.777791982,0.007696576,1.217687897,52.97708472,297.4039334,8.74612271,SynchroOSW - Summer2025 - CTD - MARS.cnv
258,20250724-MARS-air-st-1,NA,07.24.2025,NA,stationary,MARS,MARS,eDNA,air,MARS,marine,0,NA,0.22,1,NA,NA,disk,3,Summer,36.743,-122.1068333,0,shallow,Jul.25,20250724-MARS-air-st-1,0,FALSE,NA,NA,NA,NA,NA,NA,NA,NA,NA,NA
259,20250724-MARS-air-st-2,NA,07.24.2025,NA,stationary,MARS,MARS,eDNA,air,MARS,marine,0,NA,0.22,2,NA,NA,disk,3,Summer,36.743,-122.1068333,0,shallow,Jul.25,20250724-MARS-air-st-2,0,FALSE,NA,NA,NA,NA,NA,NA,NA,NA,NA,NA
260,20250724-MARS-air-st-3,NA,07.24.2025,NA,stationary,MARS,MARS,eDNA,air,MARS,marine,0,NA,0.22,3,NA,NA,disk,3,Summer,36.743,-122.1068333,0,shallow,Jul.25,20250724-MARS-air-st-3,0,FALSE,NA,NA,NA,NA,NA,NA,NA,NA,NA,NA
261,20250724-MARS-torp-A,NA,07.24.2025,NA,transition,NA,NA,eDNA,water,MARS,marine,0,passive,20,1,3,NA,disk,3,Summer,36.743,-122.1068333,0,shallow,Jul.25,20250724-MARS-torp-A,0,FALSE,NA,NA,NA,NA,NA,NA,NA,NA,NA,NA
262,20250724-MARS-torp-B,NA,07.24.2025,NA,transition,NA,NA,eDNA,water,MARS,marine,0,passive,20,1,3,NA,disk,3,Summer,36.743,-122.1068333,0,shallow,Jul.25,20250724-MARS-torp-B,0,FALSE,NA,NA,NA,NA,NA,NA,NA,NA,NA,NA
263,20251027-ES-torp1-A,torp,10.27.2025,14:40:00,transition,NA,NA,eDNA,water,Elkhorn Slough,estuary,0,passive,20,1,1,NA,disk,4,Autumn,36.8105,-121.7827,0,shallow,Oct.25,20251027-ES-torp1-A,0,FALSE,NA,NA,NA,NA,NA,NA,NA,NA,NA,NA
264,20251027-ES-torp1-B,torp,10.27.2025,14:40:00,transition,NA,NA,eDNA,water,Elkhorn Slough,estuary,0,passive,20,2,1,NA,disk,4,Autumn,36.8105,-121.7827,0,shallow,Oct.25,20251027-ES-torp1-B,0,FALSE,NA,NA,NA,NA,NA,NA,NA,NA,NA,NA
265,20251027-ES-torp1-C,torp,10.27.2025,14:40:00,transition,NA,NA,eDNA,water,Elkhorn Slough,estuary,0,passive,20,1,1,NA,disk,4,Autumn,36.8105,-121.7827,0,shallow,Oct.25,20251027-ES-torp1-C,0,FALSE,NA,NA,NA,NA,NA,NA,NA,NA,NA,NA
266,20251027-ES-torp1-D,torp,10.27.2025,14:40:00,transition,NA,NA,eDNA,water,Elkhorn Slough,estuary,0,passive,20,2,1,NA,disk,4,Autumn,36.8105,-121.7827,0,shallow,Oct.25,20251027-ES-torp1-D,0,FALSE,NA,NA,NA,NA,NA,NA,NA,NA,NA,NA
267,20251027-ES-torp3-A,torp,10.27.2025,14:40:00,transition,NA,NA,eDNA,water,Elkhorn Slough,estuary,0,passive,20,1,3,NA,disk,4,Autumn,36.8105,-121.7827,0,shallow,Oct.25,20251027-ES-torp3-A,0,FALSE,NA,NA,NA,NA,NA,NA,NA,NA,NA,NA
268,20251027-ES-torp3-B,torp,10.27.2025,14:40:00,transition,NA,NA,eDNA,water,Elkhorn Slough,estuary,0,passive,20,2,3,NA,disk,4,Autumn,36.8105,-121.7827,0,shallow,Oct.25,20251027-ES-torp3-B,0,FALSE,NA,NA,NA,NA,NA,NA,NA,NA,NA,NA
269,20251027-ES26a,NA,10.27.2025,15:00:00,stationary,NA,NA,eDNA,water,Elkhorn Slough,estuary,0,active,0.22,1,NA,19,Sterivex,4,Autumn,36.8105,-121.7827,0,shallow,Oct.25,20251027-ES26a,0,FALSE,NA,NA,NA,NA,NA,NA,NA,NA,NA,NA
270,20251027-ES26b,NA,10.27.2025,15:00:00,stationary,NA,NA,eDNA,water,Elkhorn Slough,estuary,0,active,0.22,2,NA,19,Sterivex,4,Autumn,36.8105,-121.7827,0,shallow,Oct.25,20251027-ES26b,0,FALSE,NA,NA,NA,NA,NA,NA,NA,NA,NA,NA
271,20251027-ES26c,NA,10.27.2025,15:00:00,stationary,NA,NA,eDNA,water,Elkhorn Slough,estuary,0,active,0.22,3,NA,19,Sterivex,4,Autumn,36.8105,-121.7827,0,shallow,Oct.25,20251027-ES26c,0,FALSE,NA,NA,NA,NA,NA,NA,NA,NA,NA,NA
272,20251027-ES27a,NA,10.27.2025,15:00:00,stationary,NA,NA,eDNA,water,Elkhorn Slough,estuary,0,active,0.22,1,NA,20,Sterivex,4,Autumn,36.8105,-121.7827,0,shallow,Oct.25,20251027-ES27a,0,FALSE,NA,NA,NA,NA,NA,NA,NA,NA,NA,NA
273,20251027-ES27b,NA,10.27.2025,15:00:00,stationary,NA,NA,eDNA,water,Elkhorn Slough,estuary,0,active,0.22,2,NA,20,Sterivex,4,Autumn,36.8105,-121.7827,0,shallow,Oct.25,20251027-ES27b,0,FALSE,NA,NA,NA,NA,NA,NA,NA,NA,NA,NA
274,20251027-ES27c,NA,10.27.2025,15:00:00,stationary,NA,NA,eDNA,water,Elkhorn Slough,estuary,0,active,0.22,3,NA,20,Sterivex,4,Autumn,36.8105,-121.7827,0,shallow,Oct.25,20251027-ES27c,0,FALSE,NA,NA,NA,NA,NA,NA,NA,NA,NA,NA
275,20251027-ES28a,NA,10.27.2025,15:00:00,stationary,NA,NA,eDNA,water,Elkhorn Slough,estuary,0,active,0.22,1,NA,21,Sterivex,4,Autumn,36.8105,-121.7827,0,shallow,Oct.25,20251027-ES28a,0,FALSE,NA,NA,NA,NA,NA,NA,NA,NA,NA,NA
276,20251027-ES28b,NA,10.27.2025,15:00:00,stationary,NA,NA,eDNA,water,Elkhorn Slough,estuary,0,active,0.22,2,NA,21,Sterivex,4,Autumn,36.8105,-121.7827,0,shallow,Oct.25,20251027-ES28b,0,FALSE,NA,NA,NA,NA,NA,NA,NA,NA,NA,NA
277,20251027-ES28c,NA,10.27.2025,15:00:00,stationary,NA,NA,eDNA,water,Elkhorn Slough,estuary,0,active,0.22,3,NA,21,Sterivex,4,Autumn,36.8105,-121.7827,0,shallow,Oct.25,20251027-ES28c,0,FALSE,NA,NA,NA,NA,NA,NA,NA,NA,NA,NA
278,20251027-ES29a,NA,10.27.2025,15:00:00,stationary,NA,NA,eDNA,water,Elkhorn Slough,estuary,0,active,0.22,1,NA,22,Sterivex,4,Autumn,36.8105,-121.7827,0,shallow,Oct.25,20251027-ES29a,0,FALSE,NA,NA,NA,NA,NA,NA,NA,NA,NA,NA
279,20251027-ES29b,NA,10.27.2025,15:00:00,stationary,NA,NA,eDNA,water,Elkhorn Slough,estuary,0,active,0.22,2,NA,22,Sterivex,4,Autumn,36.8105,-121.7827,0,shallow,Oct.25,20251027-ES29b,0,FALSE,NA,NA,NA,NA,NA,NA,NA,NA,NA,NA
280,20251027-ES29c,NA,10.27.2025,15:00:00,stationary,NA,NA,eDNA,water,Elkhorn Slough,estuary,0,active,0.22,3,NA,22,Sterivex,4,Autumn,36.8105,-121.7827,0,shallow,Oct.25,20251027-ES29c,0,FALSE,NA,NA,NA,NA,NA,NA,NA,NA,NA,NA
281,20252810-C1-010m-1,NA,10.28.2025,NA,stationary,NA,NA,eDNA,water,C1,marine,10,active,0.22,1,NA,NA,Sterivex,4,Autumn,36.8,-121.8562,10,shallow,Oct.25,20252810-C1-010m-1,10,TRUE,10,0,33.36580504,14.67806317,0.45959806,5.514519345,240.3241542,10.07455919,14.67658965,SynchroOSW - Fall 2025 - c1.cnv
282,20252810-C1-010m-2,NA,10.28.2025,NA,stationary,NA,NA,eDNA,water,C1,marine,10,active,0.22,2,NA,NA,Sterivex,4,Autumn,36.8,-121.8562,10,shallow,Oct.25,20252810-C1-010m-2,10,TRUE,10,0,33.36580504,14.67806317,0.45959806,5.514519345,240.3241542,10.07455919,14.67658965,SynchroOSW - Fall 2025 - c1.cnv
283,20252810-C1-010m-3,NA,10.28.2025,NA,stationary,NA,NA,eDNA,water,C1,marine,10,active,0.22,3,NA,NA,Sterivex,4,Autumn,36.8,-121.8562,10,shallow,Oct.25,20252810-C1-010m-3,10,TRUE,10,0,33.36580504,14.67806317,0.45959806,5.514519345,240.3241542,10.07455919,14.67658965,SynchroOSW - Fall 2025 - c1.cnv
284,20252810-C1-010m-4,Deep Chl max,10.28.2025,NA,stationary,NA,NA,eDNA,water,C1,marine,10,active,0.22,1,NA,NA,Sterivex,4,Autumn,36.8,-121.8562,10,shallow,Oct.25,20252810-C1-010m-4,10,TRUE,10,0,33.36580504,14.67806317,0.45959806,5.514519345,240.3241542,10.07455919,14.67658965,SynchroOSW - Fall 2025 - c1.cnv
285,20252810-C1-010m-5,Deep Chl max,10.28.2025,NA,stationary,NA,NA,eDNA,water,C1,marine,10,active,0.22,2,NA,NA,Sterivex,4,Autumn,36.8,-121.8562,10,shallow,Oct.25,20252810-C1-010m-5,10,TRUE,10,0,33.36580504,14.67806317,0.45959806,5.514519345,240.3241542,10.07455919,14.67658965,SynchroOSW - Fall 2025 - c1.cnv
286,20252810-C1-010m-6,Deep Chl max,10.28.2025,NA,stationary,NA,NA,eDNA,water,C1,marine,10,active,0.22,3,NA,NA,Sterivex,4,Autumn,36.8,-121.8562,10,shallow,Oct.25,20252810-C1-010m-6,10,TRUE,10,0,33.36580504,14.67806317,0.45959806,5.514519345,240.3241542,10.07455919,14.67658965,SynchroOSW - Fall 2025 - c1.cnv
287,20252810-C1-010m-7,NA,10.28.2025,NA,stationary,NA,NA,eDNA,water,C1,marine,10,active,0.22,1,NA,NA,Sterivex,4,Autumn,36.8,-121.8562,10,shallow,Oct.25,20252810-C1-010m-7,10,TRUE,10,0,33.36580504,14.67806317,0.45959806,5.514519345,240.3241542,10.07455919,14.67658965,SynchroOSW - Fall 2025 - c1.cnv
288,20252810-C1-010m-8,NA,10.28.2025,NA,stationary,NA,NA,eDNA,water,C1,marine,10,active,0.22,2,NA,NA,Sterivex,4,Autumn,36.8,-121.8562,10,shallow,Oct.25,20252810-C1-010m-8,10,TRUE,10,0,33.36580504,14.67806317,0.45959806,5.514519345,240.3241542,10.07455919,14.67658965,SynchroOSW - Fall 2025 - c1.cnv
289,20252810-C1-010m-9,NA,10.28.2025,NA,stationary,NA,NA,eDNA,water,C1,marine,10,active,0.22,3,NA,NA,Sterivex,4,Autumn,36.8,-121.8562,10,shallow,Oct.25,20252810-C1-010m-9,10,TRUE,10,0,33.36580504,14.67806317,0.45959806,5.514519345,240.3241542,10.07455919,14.67658965,SynchroOSW - Fall 2025 - c1.cnv
290,20252810-C1-150m-1,NA,10.28.2025,NA,stationary,NA,NA,eDNA,water,C1,marine,150,active,0.22,1,NA,NA,Sterivex,4,Autumn,36.8,-121.8562,150,deep,Oct.25,20252810-C1-150m-1,150,TRUE,146,4,33.87334113,9.835484677,0.010929165,2.159743145,93.99958871,147.1370968,9.818874001,SynchroOSW - Fall 2025 - c1.cnv
291,20252810-C1-150m-2,NA,10.28.2025,NA,stationary,NA,NA,eDNA,water,C1,marine,150,active,0.22,2,NA,NA,Sterivex,4,Autumn,36.8,-121.8562,150,deep,Oct.25,20252810-C1-150m-2,150,TRUE,146,4,33.87334113,9.835484677,0.010929165,2.159743145,93.99958871,147.1370968,9.818874001,SynchroOSW - Fall 2025 - c1.cnv
292,20252810-C1-150m-3,NA,10.28.2025,NA,stationary,NA,NA,eDNA,water,C1,marine,150,active,0.22,3,NA,NA,Sterivex,4,Autumn,36.8,-121.8562,150,deep,Oct.25,20252810-C1-150m-3,150,TRUE,146,4,33.87334113,9.835484677,0.010929165,2.159743145,93.99958871,147.1370968,9.818874001,SynchroOSW - Fall 2025 - c1.cnv
293,20252810-C1-air-st-1,NA,10.28.2025,NA,stationary,C1,C1,eDNA,air,C1,marine,0,passive,0.22,1,NA,NA,disk,4,Autumn,36.8,-121.8562,0,shallow,Oct.25,20252810-C1-air-st-1,0,FALSE,NA,NA,NA,NA,NA,NA,NA,NA,NA,NA
294,20252810-C1-air-st-2,NA,10.28.2025,NA,stationary,C1,C1,eDNA,air,C1,marine,0,passive,0.22,2,NA,NA,disk,4,Autumn,36.8,-121.8562,0,shallow,Oct.25,20252810-C1-air-st-2,0,FALSE,NA,NA,NA,NA,NA,NA,NA,NA,NA,NA
295,20252810-C1-air-st-3,NA,10.28.2025,NA,stationary,C1,C1,eDNA,air,C1,marine,0,passive,0.22,3,NA,NA,disk,4,Autumn,36.8,-121.8562,0,shallow,Oct.25,20252810-C1-air-st-3,0,FALSE,NA,NA,NA,NA,NA,NA,NA,NA,NA,NA
296,20252910-M1-010M-1,NA,10.28.2025,NA,stationary,NA,NA,eDNA,water,M1,marine,10,active,0.22,1,NA,NA,Sterivex,4,Autumn,36.7502,-122.0495,10,shallow,Oct.25,20252910-M1-010M-1,10,TRUE,10,0,33.3625592,16.07567298,0.058899072,4.929355789,214.8866767,10.07418546,16.07410146,SynchroOSW - Fall 2025 - m1.cnv
297,20252910-M1-010M-2,NA,10.28.2025,NA,stationary,NA,NA,eDNA,water,M1,marine,10,active,0.22,2,NA,NA,Sterivex,4,Autumn,36.7502,-122.0495,10,shallow,Oct.25,20252910-M1-010M-2,10,TRUE,10,0,33.3625592,16.07567298,0.058899072,4.929355789,214.8866767,10.07418546,16.07410146,SynchroOSW - Fall 2025 - m1.cnv
298,20252910-M1-010M-3,NA,10.28.2025,NA,stationary,NA,NA,eDNA,water,M1,marine,10,active,0.22,3,NA,NA,Sterivex,4,Autumn,36.7502,-122.0495,10,shallow,Oct.25,20252910-M1-010M-3,10,TRUE,10,0,33.3625592,16.07567298,0.058899072,4.929355789,214.8866767,10.07418546,16.07410146,SynchroOSW - Fall 2025 - m1.cnv
299,20252910-M1-015m-1,Deep Chl max,10.28.2025,NA,stationary,NA,NA,eDNA,water,M1,marine,15,active,0.22,1,NA,NA,Sterivex,4,Autumn,36.7502,-122.0495,DeepChla,shallow,Oct.25,20252910-M1-015m-1,15,TRUE,15,0,33.3555394,15.98538549,0.065064514,4.937472393,215.2365809,15.11234257,15.98303751,SynchroOSW - Fall 2025 - m1.cnv
300,20252910-M1-015m-2,Deep Chl max,10.28.2025,NA,stationary,NA,NA,eDNA,water,M1,marine,15,active,0.22,2,NA,NA,Sterivex,4,Autumn,36.7502,-122.0495,DeepChla,shallow,Oct.25,20252910-M1-015m-2,15,TRUE,15,0,33.3555394,15.98538549,0.065064514,4.937472393,215.2365809,15.11234257,15.98303751,SynchroOSW - Fall 2025 - m1.cnv
301,20252910-M1-015m-3,Deep Chl max,10.28.2025,NA,stationary,NA,NA,eDNA,water,M1,marine,15,active,0.22,3,NA,NA,Sterivex,4,Autumn,36.7502,-122.0495,DeepChla,shallow,Oct.25,20252910-M1-015m-3,15,TRUE,15,0,33.3555394,15.98538549,0.065064514,4.937472393,215.2365809,15.11234257,15.98303751,SynchroOSW - Fall 2025 - m1.cnv
302,20252910-M1-150m-1,NA,10.28.2025,NA,stationary,NA,NA,eDNA,water,M1,marine,150,active,0.22,1,NA,NA,Sterivex,4,Autumn,36.7502,-122.0495,150,deep,Oct.25,20252910-M1-150m-1,150,TRUE,150,0,33.9535103,9.44397264,0.011185243,2.180048713,94.87261232,151.1680969,9.427322987,SynchroOSW - Fall 2025 - m1.cnv
303,20252910-M1-150m-2,NA,10.28.2025,NA,stationary,NA,NA,eDNA,water,M1,marine,150,active,0.22,2,NA,NA,Sterivex,4,Autumn,36.7502,-122.0495,150,deep,Oct.25,20252910-M1-150m-2,150,TRUE,150,0,33.9535103,9.44397264,0.011185243,2.180048713,94.87261232,151.1680969,9.427322987,SynchroOSW - Fall 2025 - m1.cnv
304,20252910-M1-150m-3,NA,10.28.2025,NA,stationary,NA,NA,eDNA,water,M1,marine,150,active,0.22,3,NA,NA,Sterivex,4,Autumn,36.7502,-122.0495,150,deep,Oct.25,20252910-M1-150m-3,150,TRUE,150,0,33.9535103,9.44397264,0.011185243,2.180048713,94.87261232,151.1680969,9.427322987,SynchroOSW - Fall 2025 - m1.cnv
305,20252910-M1-300m-1,NA,10.28.2025,NA,stationary,NA,NA,eDNA,water,M1,marine,300,active,0.22,1,NA,NA,Sterivex,4,Autumn,36.7502,-122.0495,300,deep,Oct.25,20252910-M1-300m-1,300,TRUE,297,3,34.12280066,7.760516305,0.010949881,1.192553811,51.87858304,299.4225139,7.730945118,SynchroOSW - Fall 2025 - m1.cnv
306,20252910-M1-300m-2,NA,10.28.2025,NA,stationary,NA,NA,eDNA,water,M1,marine,300,active,0.22,2,NA,NA,Sterivex,4,Autumn,36.7502,-122.0495,300,deep,Oct.25,20252910-M1-300m-2,300,TRUE,297,3,34.12280066,7.760516305,0.010949881,1.192553811,51.87858304,299.4225139,7.730945118,SynchroOSW - Fall 2025 - m1.cnv
307,20252910-M1-300m-3,NA,10.28.2025,NA,stationary,NA,NA,eDNA,water,M1,marine,300,active,0.22,3,NA,NA,Sterivex,4,Autumn,36.7502,-122.0495,300,deep,Oct.25,20252910-M1-300m-3,300,TRUE,297,3,34.12280066,7.760516305,0.010949881,1.192553811,51.87858304,299.4225139,7.730945118,SynchroOSW - Fall 2025 - m1.cnv
308,20252910-M1-air-st-A,deployed for 20 mins,10.28.2025,NA,stationary,M1,M1,eDNA,air,M1,marine,0,passive,0.22,1,NA,NA,disk,4,Autumn,36.7502,-122.0495,0,shallow,Oct.25,20252910-M1-air-st-A,0,FALSE,NA,NA,NA,NA,NA,NA,NA,NA,NA,NA
309,20252910-M1-air-st-B,deployed for 20 mins,10.28.2025,NA,stationary,M1,M1,eDNA,air,M1,marine,0,passive,0.22,2,NA,NA,disk,4,Autumn,36.7502,-122.0495,0,shallow,Oct.25,20252910-M1-air-st-B,0,FALSE,NA,NA,NA,NA,NA,NA,NA,NA,NA,NA
310,20252910-M1-air-st-C,deployed for 20 mins,10.28.2025,NA,stationary,M1,M1,eDNA,air,M1,marine,0,passive,0.22,3,NA,NA,disk,4,Autumn,36.7502,-122.0495,0,shallow,Oct.25,20252910-M1-air-st-C,0,FALSE,NA,NA,NA,NA,NA,NA,NA,NA,NA,NA
311,20252910-M1-torp-A,torp,10.28.2025,NA,transition,NA,NA,eDNA,water,M1,marine,0,passive,20,1,NA,NA,disk,4,Autumn,36.7502,-122.0495,0,shallow,Oct.25,20252910-M1-torp-A,0,FALSE,NA,NA,NA,NA,NA,NA,NA,NA,NA,NA
312,20252910-M1-torp-B,torp,10.28.2025,NA,transition,NA,NA,eDNA,water,M1,marine,0,passive,20,2,NA,NA,disk,4,Autumn,36.7502,-122.0495,0,shallow,Oct.25,20252910-M1-torp-B,0,FALSE,NA,NA,NA,NA,NA,NA,NA,NA,NA,NA
313,20252910-M2-010m-1,NA,10.29.2025,NA,stationary,NA,NA,eDNA,water,M2,marine,10,active,0.22,1,NA,NA,Sterivex,4,Autumn,36.713,-122.304,10,shallow,Oct.25,20252910-M2-010m-1,10,TRUE,10,0,33.39149254,15.92240922,0.060411925,5.229843426,227.9750287,10.07455919,15.92084795,SynchroOSW - Fall 2025 - M2.cnv
314,20252910-M2-010m-2,NA,10.29.2025,NA,stationary,NA,NA,eDNA,water,M2,marine,10,active,0.22,2,NA,NA,Sterivex,4,Autumn,36.713,-122.304,10,shallow,Oct.25,20252910-M2-010m-2,10,TRUE,10,0,33.39149254,15.92240922,0.060411925,5.229843426,227.9750287,10.07455919,15.92084795,SynchroOSW - Fall 2025 - M2.cnv
315,20252910-M2-010m-3,NA,10.29.2025,NA,stationary,NA,NA,eDNA,water,M2,marine,10,active,0.22,3,NA,NA,Sterivex,4,Autumn,36.713,-122.304,10,shallow,Oct.25,20252910-M2-010m-3,10,TRUE,10,0,33.39149254,15.92240922,0.060411925,5.229843426,227.9750287,10.07455919,15.92084795,SynchroOSW - Fall 2025 - M2.cnv
316,20252910-M2-030m-1,Deep Chl max,10.29.2025,NA,stationary,NA,NA,eDNA,water,M2,marine,3,active,0.22,1,NA,NA,Sterivex,4,Autumn,36.713,-122.304,DeepChla,shallow,Oct.25,20252910-M2-030m-1,3,TRUE,6,3,33.39140887,15.94612071,0.045533398,5.221353703,227.6055718,6.044332494,15.94518313,SynchroOSW - Fall 2025 - M2.cnv
317,20252910-M2-030m-2,Deep Chl max,10.29.2025,NA,stationary,NA,NA,eDNA,water,M2,marine,3,active,0.22,2,NA,NA,Sterivex,4,Autumn,36.713,-122.304,DeepChla,shallow,Oct.25,20252910-M2-030m-2,3,TRUE,6,3,33.39140887,15.94612071,0.045533398,5.221353703,227.6055718,6.044332494,15.94518313,SynchroOSW - Fall 2025 - M2.cnv
318,20252910-M2-030m-3,Deep Chl max,10.29.2025,NA,stationary,NA,NA,eDNA,water,M2,marine,3,active,0.22,3,NA,NA,Sterivex,4,Autumn,36.713,-122.304,DeepChla,shallow,Oct.25,20252910-M2-030m-3,3,TRUE,6,3,33.39140887,15.94612071,0.045533398,5.221353703,227.6055718,6.044332494,15.94518313,SynchroOSW - Fall 2025 - M2.cnv
319,20252910-M2-150m-1,torp,10.29.2025,NA,stationary,NA,NA,eDNA,water,M2,marine,150,active,0.22,1,NA,NA,Sterivex,4,Autumn,36.713,-122.304,150,deep,Oct.25,20252910-M2-150m-1,150,TRUE,150,0,33.96172016,9.363008468,0.01043871,2.279905242,99.21439113,151.1693548,9.346447642,SynchroOSW - Fall 2025 - M2.cnv
320,20252910-M2-150m-2,torp,10.29.2025,NA,stationary,NA,NA,eDNA,water,M2,marine,150,active,0.22,2,NA,NA,Sterivex,4,Autumn,36.713,-122.304,150,deep,Oct.25,20252910-M2-150m-2,150,TRUE,150,0,33.96172016,9.363008468,0.01043871,2.279905242,99.21439113,151.1693548,9.346447642,SynchroOSW - Fall 2025 - M2.cnv
321,20252910-M2-150m-3,NA,10.29.2025,NA,stationary,NA,NA,eDNA,water,M2,marine,150,active,0.22,3,NA,NA,Sterivex,4,Autumn,36.713,-122.304,150,deep,Oct.25,20252910-M2-150m-3,150,TRUE,150,0,33.96172016,9.363008468,0.01043871,2.279905242,99.21439113,151.1693548,9.346447642,SynchroOSW - Fall 2025 - M2.cnv
322,20252910-M2-300m-1,NA,10.29.2025,NA,stationary,NA,NA,eDNA,water,M2,marine,300,active,0.22,1,NA,NA,Sterivex,4,Autumn,36.713,-122.304,300,deep,Oct.25,20252910-M2-300m-1,300,TRUE,291,9,34.16513805,8.135283027,0.010933345,1.203739604,52.36820226,293.2786421,8.10548594,SynchroOSW - Fall 2025 - M2.cnv
323,20252910-M2-300m-2,NA,10.29.2025,NA,stationary,NA,NA,eDNA,water,M2,marine,300,active,0.22,2,NA,NA,Sterivex,4,Autumn,36.713,-122.304,300,deep,Oct.25,20252910-M2-300m-2,300,TRUE,291,9,34.16513805,8.135283027,0.010933345,1.203739604,52.36820226,293.2786421,8.10548594,SynchroOSW - Fall 2025 - M2.cnv
324,20252910-M2-300m-3,NA,10.29.2025,NA,stationary,NA,NA,eDNA,water,M2,marine,300,active,0.22,3,NA,NA,Sterivex,4,Autumn,36.713,-122.304,300,deep,Oct.25,20252910-M2-300m-3,300,TRUE,291,9,34.16513805,8.135283027,0.010933345,1.203739604,52.36820226,293.2786421,8.10548594,SynchroOSW - Fall 2025 - M2.cnv
325,20252910-MARS-010m-1,NA,10.29.2025,NA,stationary,NA,NA,eDNA,water,MARS,marine,10,active,0.22,1,NA,NA,Sterivex,4,Autumn,36.721,-122.1903,10,shallow,Oct.25,20252910-MARS-010m-1,10,TRUE,10,0,33.39600373,16.13506272,0.068902171,5.144541662,224.2652257,10.07455919,16.13348659,SynchroOSW - Fall 2025 - mars.cnv
326,20252910-MARS-010m-2,NA,10.29.2025,NA,stationary,NA,NA,eDNA,water,MARS,marine,10,active,0.22,2,NA,NA,Sterivex,4,Autumn,36.721,-122.1903,10,shallow,Oct.25,20252910-MARS-010m-2,10,TRUE,10,0,33.39600373,16.13506272,0.068902171,5.144541662,224.2652257,10.07455919,16.13348659,SynchroOSW - Fall 2025 - mars.cnv
327,20252910-MARS-010m-3,NA,10.29.2025,NA,stationary,NA,NA,eDNA,water,MARS,marine,10,active,0.22,3,NA,NA,Sterivex,4,Autumn,36.721,-122.1903,10,shallow,Oct.25,20252910-MARS-010m-3,10,TRUE,10,0,33.39600373,16.13506272,0.068902171,5.144541662,224.2652257,10.07455919,16.13348659,SynchroOSW - Fall 2025 - mars.cnv
328,20252910-MARS-020m-1,Deep Chl max,10.29.2025,NA,stationary,NA,NA,eDNA,water,MARS,marine,20,active,0.22,1,NA,NA,Sterivex,4,Autumn,36.721,-122.1903,DeepChla,shallow,Oct.25,20252910-MARS-020m-1,20,TRUE,20,0,33.39282106,16.05285063,0.095016869,5.137171486,223.9383814,20.14911839,16.04970906,SynchroOSW - Fall 2025 - mars.cnv
329,20252910-MARS-020m-2,Deep Chl max,10.29.2025,NA,stationary,NA,NA,eDNA,water,MARS,marine,20,active,0.22,2,NA,NA,Sterivex,4,Autumn,36.721,-122.1903,DeepChla,shallow,Oct.25,20252910-MARS-020m-2,20,TRUE,20,0,33.39282106,16.05285063,0.095016869,5.137171486,223.9383814,20.14911839,16.04970906,SynchroOSW - Fall 2025 - mars.cnv
330,20252910-MARS-020m-3,Deep Chl max,10.29.2025,NA,stationary,NA,NA,eDNA,water,MARS,marine,20,active,0.22,3,NA,NA,Sterivex,4,Autumn,36.721,-122.1903,DeepChla,shallow,Oct.25,20252910-MARS-020m-3,20,TRUE,20,0,33.39282106,16.05285063,0.095016869,5.137171486,223.9383814,20.14911839,16.04970906,SynchroOSW - Fall 2025 - mars.cnv
331,20252910-MARS-150m-1,NA,10.29.2025,NA,stationary,NA,NA,eDNA,water,MARS,marine,150,active,0.22,1,NA,NA,Sterivex,4,Autumn,36.721,-122.1903,150,deep,Oct.25,20252910-MARS-150m-1,150,TRUE,150,0,34.01953387,9.337842742,0.009039431,1.89432379,82.4318871,151.1693548,9.321297106,SynchroOSW - Fall 2025 - mars.cnv
332,20252910-MARS-150m-2,NA,10.29.2025,NA,stationary,NA,NA,eDNA,water,MARS,marine,150,active,0.22,2,NA,NA,Sterivex,4,Autumn,36.721,-122.1903,150,deep,Oct.25,20252910-MARS-150m-2,150,TRUE,150,0,34.01953387,9.337842742,0.009039431,1.89432379,82.4318871,151.1693548,9.321297106,SynchroOSW - Fall 2025 - mars.cnv
333,20252910-MARS-150m-3,NA,10.29.2025,NA,stationary,NA,NA,eDNA,water,MARS,marine,150,active,0.22,3,NA,NA,Sterivex,4,Autumn,36.721,-122.1903,150,deep,Oct.25,20252910-MARS-150m-3,150,TRUE,150,0,34.01953387,9.337842742,0.009039431,1.89432379,82.4318871,151.1693548,9.321297106,SynchroOSW - Fall 2025 - mars.cnv
334,20252910-MARS-300m-1,NA,10.29.2025,NA,stationary,NA,NA,eDNA,water,MARS,marine,300,active,0.22,1,NA,NA,Sterivex,4,Autumn,36.721,-122.1903,300,deep,Oct.25,20252910-MARS-300m-1,300,TRUE,295,5,34.10221907,7.821171746,0.010931642,1.444002825,62.81855499,297.4046418,7.791677488,SynchroOSW - Fall 2025 - mars.cnv
335,20252910-MARS-300m-2,NA,10.29.2025,NA,stationary,NA,NA,eDNA,water,MARS,marine,300,active,0.22,2,NA,NA,Sterivex,4,Autumn,36.721,-122.1903,300,deep,Oct.25,20252910-MARS-300m-2,300,TRUE,295,5,34.10221907,7.821171746,0.010931642,1.444002825,62.81855499,297.4046418,7.791677488,SynchroOSW - Fall 2025 - mars.cnv
336,20252910-MARS-300m-3,NA,10.29.2025,NA,stationary,NA,NA,eDNA,water,MARS,marine,300,active,0.22,3,NA,NA,Sterivex,4,Autumn,36.721,-122.1903,300,deep,Oct.25,20252910-MARS-300m-3,300,TRUE,295,5,34.10221907,7.821171746,0.010931642,1.444002825,62.81855499,297.4046418,7.791677488,SynchroOSW - Fall 2025 - mars.cnv
337,20252910-MARS-air-st-1,NA,10.29.2025,NA,stationary,MARS,MARS,eDNA,air,MARS,marine,0,passive,0.22,1,NA,NA,disk,4,Autumn,36.721,-122.1903,0,shallow,Oct.25,20252910-MARS-air-st-1,0,FALSE,NA,NA,NA,NA,NA,NA,NA,NA,NA,NA
338,20252910-MARS-air-st-2,NA,10.29.2025,NA,stationary,MARS,MARS,eDNA,air,MARS,marine,0,passive,0.22,2,NA,NA,disk,4,Autumn,36.721,-122.1903,0,shallow,Oct.25,20252910-MARS-air-st-2,0,FALSE,NA,NA,NA,NA,NA,NA,NA,NA,NA,NA
339,20252910-MARS-air-st-3,NA,10.29.2025,NA,stationary,MARS,MARS,eDNA,air,MARS,marine,0,passive,0.22,3,NA,NA,disk,4,Autumn,36.721,-122.1903,0,shallow,Oct.25,20252910-MARS-air-st-3,0,FALSE,NA,NA,NA,NA,NA,NA,NA,NA,NA,NA
340,20252910-MARS-M2-air-1,transit MARS to M1,10.29.2025,NA,transition,MARS,M1,eDNA,NA,MARS,NA,NA,NA,0.22,NA,NA,NA,disk,4,Autumn,36.721,-122.1903,NA,NA,Oct.25,20252910-MARS-M2-air-1,NA,FALSE,NA,NA,NA,NA,NA,NA,NA,NA,NA,NA
341,20252910-MARS-M2-air-1-2,transit MARS to M1,10.29.2025,NA,transition,MARS,M1,eDNA,air,MARS,marine,0,passive,0.22,2,NA,NA,disk,4,Autumn,36.721,-122.1903,0,shallow,Oct.25,20252910-MARS-M2-air-1-2,0,FALSE,NA,NA,NA,NA,NA,NA,NA,NA,NA,NA
342,20252910-MARS-M2-air-2,transit MARS to M1,10.29.2025,NA,transition,MARS,M1,eDNA,air,MARS,marine,0,passive,0.22,2,NA,NA,disk,4,Autumn,36.721,-122.1903,0,shallow,Oct.25,20252910-MARS-M2-air-2,0,FALSE,NA,NA,NA,NA,NA,NA,NA,NA,NA,NA
343,20252910-MARS-M2-air-3,transit MARS to M1,10.29.2025,NA,transition,MARS,M1,eDNA,air,MARS,marine,0,passive,0.22,3,NA,NA,disk,4,Autumn,36.721,-122.1903,0,shallow,Oct.25,20252910-MARS-M2-air-3,0,FALSE,NA,NA,NA,NA,NA,NA,NA,NA,NA,NA
344,20252910-MARS-torp-A,torp,10.29.2025,NA,transition,NA,NA,eDNA,water,MARS,marine,0,passive,20,1,3,NA,disk,4,Autumn,36.721,-122.1903,0,shallow,Oct.25,20252910-MARS-torp-A,0,FALSE,NA,NA,NA,NA,NA,NA,NA,NA,NA,NA
345,20252910-MARS-torp-B,torp,10.29.2025,NA,transition,NA,NA,eDNA,water,MARS,marine,0,passive,20,2,3,NA,disk,4,Autumn,36.721,-122.1903,0,shallow,Oct.25,20252910-MARS-torp-B,0,FALSE,NA,NA,NA,NA,NA,NA,NA,NA,NA,NA
346,20252910-ML-M1-air-1,mainland to M1,10.28.2025,NA,stationary,ML,M1,eDNA,air,M1,marine,0,passive,0.22,1,NA,NA,disk,4,Autumn,36.7502,-122.0495,0,shallow,Oct.25,20252910-ML-M1-air-1,0,FALSE,NA,NA,NA,NA,NA,NA,NA,NA,NA,NA
347,20252910-ML-M1-air-2,mainland to M1,10.28.2025,NA,stationary,ML,M1,eDNA,air,M1,marine,0,passive,0.22,2,NA,NA,disk,4,Autumn,36.7502,-122.0495,0,shallow,Oct.25,20252910-ML-M1-air-2,0,FALSE,NA,NA,NA,NA,NA,NA,NA,NA,NA,NA
348,20252910-ML-M1-air-3,mainland to M1,10.28.2025,NA,stationary,ML,M1,eDNA,air,M1,marine,0,passive,0.22,3,NA,NA,disk,4,Autumn,36.7502,-122.0495,0,shallow,Oct.25,20252910-ML-M1-air-3,0,FALSE,NA,NA,NA,NA,NA,NA,NA,NA,NA,NA
349,20252910-ML-MARS-air-1,transit ML to MARS,10.29.2025,NA,transition,ML,MARS,eDNA,air,MARS,marine,0,passive,0.22,1,NA,NA,disk,4,Autumn,36.721,-122.1903,0,shallow,Oct.25,20252910-ML-MARS-air-1,0,FALSE,NA,NA,NA,NA,NA,NA,NA,NA,NA,NA
350,20252910-ML-MARS-air-2,transit ML to MARS,10.29.2025,NA,transition,ML,MARS,eDNA,air,MARS,marine,0,passive,0.22,2,NA,NA,disk,4,Autumn,36.721,-122.1903,0,shallow,Oct.25,20252910-ML-MARS-air-2,0,FALSE,NA,NA,NA,NA,NA,NA,NA,NA,NA,NA
351,20252910-ML-MARS-air-3,transit ML to MARS,10.29.2025,NA,transition,ML,MARS,eDNA,air,MARS,marine,0,passive,0.22,3,NA,NA,disk,4,Autumn,36.721,-122.1903,0,shallow,Oct.25,20252910-ML-MARS-air-3,0,FALSE,NA,NA,NA,NA,NA,NA,NA,NA,NA,NA
352,250414-ESe-21a,NA,04.14.2025,NA,stationary,NA,NA,eDNA,water,Elkhorn Slough,estuary,0,active,0.22,2,22,NA,Sterivex,2,Spring,36.8105,-121.7827,0,shallow,Apr.25,250414-ESe-21a,0,FALSE,NA,NA,NA,NA,NA,NA,NA,NA,NA,NA
353,250414-ESe-21b,NA,04.14.2025,NA,stationary,NA,NA,eDNA,water,Elkhorn Slough,estuary,0,active,0.22,3,22,NA,Sterivex,2,Spring,36.8105,-121.7827,0,shallow,Apr.25,250414-ESe-21b,0,FALSE,NA,NA,NA,NA,NA,NA,NA,NA,NA,NA
354,250414-ESe-21c,NA,04.14.2025,NA,stationary,NA,NA,eDNA,water,Elkhorn Slough,estuary,0,active,0.22,1,22,NA,Sterivex,2,Spring,36.8105,-121.7827,0,shallow,Apr.25,250414-ESe-21c,0,FALSE,NA,NA,NA,NA,NA,NA,NA,NA,NA,NA
355,9-14-24-WF,Raksha Blueshark tagging,NA,NA,NA,NA,NA,eDNA,NA,NA,NA,NA,NA,NA,NA,NA,NA,NA,NA,NA,NA,NA,NA,NA,NA,9-14-24-WF,NA,FALSE,NA,NA,NA,NA,NA,NA,NA,NA,NA,NA
356,9-19-24-WF-1-2,Raksha Blueshark tagging,NA,NA,NA,NA,NA,eDNA,NA,NA,NA,NA,NA,NA,NA,NA,NA,NA,NA,NA,NA,NA,NA,NA,NA,9-19-24-WF-1-2,NA,FALSE,NA,NA,NA,NA,NA,NA,NA,NA,NA,NA
357,9-19-24-WF-2-2,Raksha Blueshark tagging,NA,NA,NA,NA,NA,eDNA,NA,NA,NA,NA,NA,NA,NA,NA,NA,NA,NA,NA,NA,NA,NA,NA,NA,9-19-24-WF-2-2,NA,FALSE,NA,NA,NA,NA,NA,NA,NA,NA,NA,NA
358,MARS-air-A,for whole transit,04.17.2025,NA,stationary,ML,MARS,eDNA,air,MARS,marine,0,passive,0.22,A,NA,NA,disk,2,Spring,36.743,-122.1068333,0,shallow,Apr.25,MARS-air-A,0,FALSE,NA,NA,NA,NA,NA,NA,NA,NA,NA,NA
359,MARS-air-B,for whole transit,04.17.2025,NA,stationary,ML,MARs,eDNA,air,MARS,marine,0,passive,0.22,B,NA,NA,disk,2,Spring,36.743,-122.1068333,0,shallow,Apr.25,MARS-air-B,0,FALSE,NA,NA,NA,NA,NA,NA,NA,NA,NA,NA
360,MARS-air-C,for whole transit,04.17.2025,NA,stationary,ML,MARS,eDNA,air,MARS,marine,0,passive,0.22,C,NA,NA,disk,2,Spring,36.743,-122.1068333,0,shallow,Apr.25,MARS-air-C,0,FALSE,NA,NA,NA,NA,NA,NA,NA,NA,NA,NA
361,MARS-air-st-a,while CTD was in the water,04.17.2025,09:45:00,stationary,MARS,MARS,eDNA,air,MARS,marine,0,passive,0.22,a,NA,NA,disk,2,Spring,36.743,-122.1068333,0,shallow,Apr.25,MARS-air-st-a,0,FALSE,NA,NA,NA,NA,NA,NA,NA,NA,NA,NA
362,MARS-air-st-b,while CTD was in the water,04.17.2025,09:45:00,stationary,MARS,MARS,eDNA,air,MARS,marine,0,passive,0.22,b,NA,NA,disk,2,Spring,36.743,-122.1068333,0,shallow,Apr.25,MARS-air-st-b,0,FALSE,NA,NA,NA,NA,NA,NA,NA,NA,NA,NA
363,MARS-air-st-c,while CTD was in the water,04.17.2025,09:45:00,stationary,MARS,MARS,eDNA,air,MARS,marine,0,passive,0.22,c,NA,NA,disk,2,Spring,36.743,-122.1068333,0,shallow,Apr.25,MARS-air-st-c,0,FALSE,NA,NA,NA,NA,NA,NA,NA,NA,NA,NA
364,COS-CWC22-SockeyeSalmon,tissue,NA,NA,NA,NA,NA,positive,NA,NA,NA,NA,NA,NA,NA,NA,NA,NA,NA,NA,NA,NA,NA,NA,NA,COS-CWC22-SockeyeSalmon,NA,FALSE,NA,NA,NA,NA,NA,NA,NA,NA,NA,NA
365,COS-RGF-BigEyeTuna,tissue,NA,NA,NA,NA,NA,positive,NA,NA,NA,NA,NA,NA,NA,NA,NA,NA,NA,NA,NA,NA,NA,NA,NA,COS-RGF-BigEyeTuna,NA,FALSE,NA,NA,NA,NA,NA,NA,NA,NA,NA,NA
366,COS-RGF-BlackCod,tissue,NA,NA,NA,NA,NA,positive,NA,NA,NA,NA,NA,NA,NA,NA,NA,NA,NA,NA,NA,NA,NA,NA,NA,COS-RGF-BlackCod,NA,FALSE,NA,NA,NA,NA,NA,NA,NA,NA,NA,NA
367,COS-RGF-CaliforniaHalibut,tissue,NA,NA,NA,NA,NA,positive,NA,NA,NA,NA,NA,NA,NA,NA,NA,NA,NA,NA,NA,NA,NA,NA,NA,COS-RGF-CaliforniaHalibut,NA,FALSE,NA,NA,NA,NA,NA,NA,NA,NA,NA,NA
368,COS-RGF-Ono-Wahoo,tissue,NA,NA,NA,NA,NA,positive,NA,NA,NA,NA,NA,NA,NA,NA,NA,NA,NA,NA,NA,NA,NA,NA,NA,COS-RGF-Ono-Wahoo,NA,FALSE,NA,NA,NA,NA,NA,NA,NA,NA,NA,NA
369,COS-RGF-Sardine,tissue,NA,NA,NA,NA,NA,positive,NA,NA,NA,NA,NA,NA,NA,NA,NA,NA,NA,NA,NA,NA,NA,NA,NA,COS-RGF-Sardine,NA,FALSE,NA,NA,NA,NA,NA,NA,NA,NA,NA,NA
370,COS-RGF-Swordfish,tissue,NA,NA,NA,NA,NA,positive,NA,NA,NA,NA,NA,NA,NA,NA,NA,NA,NA,NA,NA,NA,NA,NA,NA,COS-RGF-Swordfish,NA,FALSE,NA,NA,NA,NA,NA,NA,NA,NA,NA,NA
371,COS-RGF22-BluefinTuna,tissue,NA,NA,NA,NA,NA,positive,NA,NA,NA,NA,NA,NA,NA,NA,NA,NA,NA,NA,NA,NA,NA,NA,NA,COS-RGF22-BluefinTuna,NA,FALSE,NA,NA,NA,NA,NA,NA,NA,NA,NA,NA
372,COS-RGF22-KingSalmon,tissue,NA,NA,NA,NA,NA,positive,NA,NA,NA,NA,NA,NA,NA,NA,NA,NA,NA,NA,NA,NA,NA,NA,NA,COS-RGF22-KingSalmon,NA,FALSE,NA,NA,NA,NA,NA,NA,NA,NA,NA,NA
373,COS-RGF22-YellowfinTuna,tissue,NA,NA,NA,NA,NA,positive,NA,NA,NA,NA,NA,NA,NA,NA,NA,NA,NA,NA,NA,NA,NA,NA,NA,COS-RGF22-YellowfinTuna,NA,FALSE,NA,NA,NA,NA,NA,NA,NA,NA,NA,NA
374,mock-community,mix of tissue samples,NA,NA,NA,NA,NA,positive,NA,BLANK,NA,blank,NA,blank,NA,blank,NA,blank,3,Summer,NA,NA,NA,NA,Jul.25,mock-community,NA,FALSE,NA,NA,NA,NA,NA,NA,NA,NA,NA,NA
375,POS_S14,positive sequencing control lab,NA,NA,NA,NA,NA,positive,NA,NA,NA,NA,NA,NA,NA,NA,NA,NA,NA,NA,NA,NA,NA,NA,NA,POS_S14,NA,FALSE,NA,NA,NA,NA,NA,NA,NA,NA,NA,NA
376,POS_S259,positive sequencing control lab,NA,NA,NA,NA,NA,positive,NA,NA,NA,NA,NA,NA,NA,NA,NA,NA,NA,NA,NA,NA,NA,NA,NA,POS_S259,NA,FALSE,NA,NA,NA,NA,NA,NA,NA,NA,NA,NA