SampleID,notes,sampling date,sampling time,movement,Station_start,Station_end,sample type,medium,Station,ecosystem,depth,filtration,pore size,replicate,time,bottle,filter type,time point,Season,Latitude,Longitude,depth_class,depth_category,Sampling_month,depth_m,eligible_for_ctd,ctd_ctd_depth_m,depth_diff,ctd_sal,ctd_temp,ctd_fluor,ctd_oxygen2,ctd_oxygen,ctd_pres,ctd_theta,ctd_ctd_file
20250414-ESBf200a,NA,04.14.2025,NA,NA,NA,NA,blank,NA,Elkhorn Slough,estuary,NA,active,0.22,1,0,NA,disk,2,Spring,36.8105,-121.7827,NA,NA,Apr.25,NA,FALSE,NA,NA,NA,NA,NA,NA,NA,NA,NA,NA
20250414-ESBf200b,NA,04.14.2025,NA,NA,NA,NA,blank,NA,Elkhorn Slough,estuary,NA,active,0.22,2,0,NA,disk,2,Spring,36.8105,-121.7827,NA,NA,Apr.25,NA,FALSE,NA,NA,NA,NA,NA,NA,NA,NA,NA,NA
20250417-M1-Blnk,MolGrad H20,04.17.2025,NA,NA,NA,NA,blank,NA,M1,marine,NA,active,0.22,NA,NA,NA,Sterivex,2,Spring,36.74166667,-122.0268333,NA,NA,Apr.25,NA,FALSE,NA,NA,NA,NA,NA,NA,NA,NA,NA,NA
20250417-MARS-Blnk,MolGrad H20,04.17.2025,NA,NA,NA,NA,blank,NA,MARS,marine,NA,active,0.22,NA,NA,NA,Sterivex,2,Spring,36.743,-122.1068333,NA,NA,Apr.25,NA,FALSE,NA,NA,NA,NA,NA,NA,NA,NA,NA,NA
20250417-OSWS-Blnk,MolGrad H20,04.17.2025,13:20:00,NA,NA,NA,blank,NA,OSWS,marine,NA,passive,20,NA,NA,NA,Sterivex,2,Spring,36.6775,-122.5351667,NA,NA,Apr.25,NA,FALSE,NA,NA,NA,NA,NA,NA,NA,NA,NA,NA
20250418-C1-Blnk,NA,04.18.2025,NA,NA,NA,NA,blank,NA,C1,marine,NA,active,0.22,NA,NA,NA,Sterivex,2,Spring,36.8045,-121.858,NA,NA,Apr.25,NA,FALSE,NA,NA,NA,NA,NA,NA,NA,NA,NA,NA
20250418-M2-Blnk,NA,04.18.2025,NA,NA,NA,NA,blank,NA,M2,marine,NA,active,0.22,NA,NA,NA,Sterivex,2,Spring,36.7015,-122.3743333,NA,NA,Apr.25,NA,FALSE,NA,NA,NA,NA,NA,NA,NA,NA,NA,NA
202507-control,"instead of 23c, MolGrade H20",07.22.2025,03:05:00,NA,NA,NA,blank,NA,Elkhorn Slough,estuary,NA,active,0.22,1,NA,NA,disk,3,Summer,36.8117,-121.77959,NA,NA,Jul.25,NA,FALSE,NA,NA,NA,NA,NA,NA,NA,NA,NA,NA
20250722-ESe-8,20250722_blank_8: new control dry in lab,07.22.2025,NA,NA,NA,NA,blank,NA,Elkhorn Slough,estuary,NA,NA,0.22,5,NA,NA,disk,3,Summer,NA,NA,NA,NA,Jul.25,NA,FALSE,NA,NA,NA,NA,NA,NA,NA,NA,NA,NA
20250723-M1-Blnk,MolGrad H20,07.23.2025,NA,NA,NA,NA,blank,NA,M1,marine,NA,active,0.22,1,NA,NA,Sterivex,3,Summer,36.74166667,-122.0268333,NA,NA,Jul.25,NA,FALSE,NA,NA,NA,NA,NA,NA,NA,NA,NA,NA
20250723-M1-torp-ctrl,"blank, dry filter",07.23.2025,NA,NA,NA,NA,blank,NA,NA,NA,NA,NA,20,1,NA,NA,disk,3,Summer,36.74166667,-122.0268333,NA,NA,Jul.25,NA,FALSE,NA,NA,NA,NA,NA,NA,NA,NA,NA,NA
20250723-ML-M1-air-ctrl,mainland to M1,07.23.2025,NA,NA,ML,M1,blank,air,M1,marine,NA,passive,0.22,1,NA,NA,disk,3,Summer,36.74166667,-122.0268333,NA,NA,Jul.25,NA,FALSE,NA,NA,NA,NA,NA,NA,NA,NA,NA,NA
20250723-OSWS-BLNK,MolGrad H20,07.23.2025,NA,NA,NA,NA,blank,NA,OSWS,marine,NA,active,0.22,1,NA,NA,Sterivex,3,Summer,36.6775,-122.53517,NA,NA,Jul.25,NA,FALSE,NA,NA,NA,NA,NA,NA,NA,NA,NA,NA
20250724-C1-air-st-blank,NA,07.24.2025,NA,NA,NA,NA,blank,air,C1,NA,NA,NA,NA,NA,NA,NA,disk,3,Summer,36.8045,-121.858,NA,NA,Jul.25,NA,FALSE,NA,NA,NA,NA,NA,NA,NA,NA,NA,NA
20250724-C1-Blnk,MolGrad H20,07.24.2025,NA,NA,NA,NA,blank,NA,C1,marine,NA,active,0.22,1,NA,NA,Sterivex,3,Summer,36.8045,-121.858,NA,NA,Jul.25,NA,FALSE,NA,NA,NA,NA,NA,NA,NA,NA,NA,NA
20250724-M2-Blnk,MolGrad H20,07.24.2025,NA,NA,NA,NA,blank,NA,M2,marine,NA,active,20,1,NA,NA,Sterivex,3,Summer,36.7015,-122.3743333,NA,NA,Jul.25,NA,FALSE,NA,NA,NA,NA,NA,NA,NA,NA,NA,NA
20250724-M2-torp-blank,dry filter,07.24.2025,NA,NA,NA,NA,blank,NA,M2,marine,NA,passive,20,1,NA,NA,Sterivex,3,Summer,36.7015,-122.3743333,NA,NA,Jul.25,NA,FALSE,NA,NA,NA,NA,NA,NA,NA,NA,NA,NA
20250724-MARS-Blnk,MolGrad H20,07.24.2025,NA,NA,NA,NA,blank,NA,MARS,marine,NA,NA,0.22,1,NA,NA,Sterivex,3,Summer,36.743,-122.1068333,NA,NA,Jul.25,NA,FALSE,NA,NA,NA,NA,NA,NA,NA,NA,NA,NA
20251027-Blank-f020,"dry, torp",10.27.2025,NA,NA,NA,NA,blank,NA,Elkhorn Slough,NA,NA,NA,0.22,1,NA,NA,disk,4,Autumn,36.7502,-122.0495,NA,NA,Oct.25,NA,FALSE,NA,NA,NA,NA,NA,NA,NA,NA,NA,NA
20251027-ES-blank,MolGrad H20,10.27.2025,NA,NA,NA,NA,blank,NA,Elkhorn Slough,estuary,NA,active,0.22,1,NA,NA,Sterivex,4,Autumn,36.8105,-121.7827,NA,NA,Oct.25,NA,FALSE,NA,NA,NA,NA,NA,NA,NA,NA,NA,NA
20252810-C1-Blnk,MolGrad H20,10.28.2025,NA,NA,NA,NA,blank,NA,C1,marine,NA,active,0.22,1,NA,NA,Sterivex,4,Autumn,36.8,-121.8562,NA,NA,Oct.25,NA,FALSE,NA,NA,NA,NA,NA,NA,NA,NA,NA,NA
20252910-M1-BLANK,MolGrad H20,02.01.1900,NA,NA,NA,NA,blank,NA,M1,marine,NA,active,0.22,1,NA,NA,Sterivex,4,Autumn,36.7502,-122.0495,NA,NA,Oct.25,NA,FALSE,NA,NA,NA,NA,NA,NA,NA,NA,NA,NA
20252910-M1-torp-ctrl,torp,10.28.2025,NA,NA,NA,NA,blank,NA,M1,NA,NA,passive,20,1,NA,NA,disk,4,Autumn,36.7502,-122.0495,NA,NA,Oct.25,NA,FALSE,NA,NA,NA,NA,NA,NA,NA,NA,NA,NA
20252910-M2-Blnk,torp,10.29.2025,NA,NA,NA,NA,blank,NA,M2,marine,NA,active,20,1,NA,NA,Sterivex,4,Autumn,36.713,-122.304,NA,NA,Oct.25,NA,FALSE,NA,NA,NA,NA,NA,NA,NA,NA,NA,NA
20252910-MARS-airBLANK,NA,10.29.2025,NA,NA,NA,NA,blank,NA,MARS,marine,NA,passive,0.22,3,NA,NA,disk,4,Autumn,36.721,-122.1903,NA,NA,Oct.25,NA,FALSE,NA,NA,NA,NA,NA,NA,NA,NA,NA,NA
20252910-MARS-torp-BLANK,torp,10.29.2025,NA,NA,NA,NA,blank,NA,MARS,NA,NA,NA,20,NA,NA,NA,disk,4,Autumn,36.721,-122.1903,NA,NA,Oct.25,NA,FALSE,NA,NA,NA,NA,NA,NA,NA,NA,NA,NA
20252910-ML-M1-air-ctrl,mainland to M1,10.28.2025,NA,NA,NA,NA,blank,NA,M1,marine,NA,passive,0.22,1,NA,NA,disk,4,Autumn,36.7502,-122.0495,NA,NA,Oct.25,NA,FALSE,NA,NA,NA,NA,NA,NA,NA,NA,NA,NA
Es-5,20250722_blank_5 old filters in lab,07.22.2025,NA,NA,NA,NA,blank,NA,Elkhorn Slough,estuary,NA,NA,0.22,2,NA,NA,disk,3,Summer,NA,NA,NA,NA,Jul.25,NA,FALSE,NA,NA,NA,NA,NA,NA,NA,NA,NA,NA
Es-6,20250722_blank_6 new control brought to field,07.22.2025,NA,NA,NA,NA,blank,NA,Elkhorn Slough,estuary,NA,NA,0.22,3,NA,NA,disk,3,Summer,NA,NA,NA,NA,Jul.25,NA,FALSE,NA,NA,NA,NA,NA,NA,NA,NA,NA,NA
Es-7,20250722_blank_7: new control dry in lab,07.22.2025,NA,NA,NA,NA,blank,NA,Elkhorn Slough,estuary,NA,NA,0.22,4,NA,NA,disk,3,Summer,NA,NA,NA,NA,Jul.25,NA,FALSE,NA,NA,NA,NA,NA,NA,NA,NA,NA,NA
Extraction-Blank_2025-04,negativ extraction control,NA,NA,NA,NA,NA,blank,NA,NA,NA,NA,NA,NA,NA,NA,NA,NA,NA,NA,NA,NA,NA,NA,NA,NA,FALSE,NA,NA,NA,NA,NA,NA,NA,NA,NA,NA
Extraction-Blank_2025-07,negativ extraction control,NA,NA,NA,NA,NA,blank,NA,NA,NA,NA,NA,NA,NA,NA,NA,NA,NA,NA,NA,NA,NA,NA,NA,NA,FALSE,NA,NA,NA,NA,NA,NA,NA,NA,NA,NA
MARS-BLANK,"handwritten, MolGrad H20",10.29.2025,NA,NA,NA,NA,blank,NA,MARS,marine,NA,active,0.22,1,NA,NA,Sterivex,4,Autumn,36.721,-122.1903,NA,NA,Oct.25,NA,FALSE,NA,NA,NA,NA,NA,NA,NA,NA,NA,NA
NTC_2025-04,negativ sequencing control,NA,NA,NA,NA,NA,blank,NA,NA,NA,NA,NA,NA,NA,NA,NA,NA,NA,NA,NA,NA,NA,NA,NA,NA,FALSE,NA,NA,NA,NA,NA,NA,NA,NA,NA,NA
NTC_2025-07,negativ extraction control,NA,NA,NA,NA,NA,blank,NA,NA,NA,NA,NA,NA,NA,NA,NA,NA,NA,NA,NA,NA,NA,NA,NA,NA,FALSE,NA,NA,NA,NA,NA,NA,NA,NA,NA,NA
NTC_S13,negativ sequencing control,NA,NA,NA,NA,NA,blank,NA,NA,NA,NA,NA,NA,NA,NA,NA,NA,NA,NA,NA,NA,NA,NA,NA,NA,FALSE,NA,NA,NA,NA,NA,NA,NA,NA,NA,NA
NTC_S258,negativ sequencing control,NA,NA,NA,NA,NA,blank,NA,NA,NA,NA,NA,NA,NA,NA,NA,NA,NA,NA,NA,NA,NA,NA,NA,NA,FALSE,NA,NA,NA,NA,NA,NA,NA,NA,NA,NA
POS_2025-04,positive sequencing control lab,NA,NA,NA,NA,NA,blank,NA,NA,NA,NA,NA,NA,NA,NA,NA,NA,NA,NA,NA,NA,NA,NA,NA,NA,FALSE,NA,NA,NA,NA,NA,NA,NA,NA,NA,NA
POS_2025-07,positive sequencing control lab,NA,NA,NA,NA,NA,blank,NA,NA,NA,NA,NA,NA,NA,NA,NA,NA,NA,NA,NA,NA,NA,NA,NA,NA,FALSE,NA,NA,NA,NA,NA,NA,NA,NA,NA,NA
XB,negativ sequencing control,NA,NA,NA,NA,NA,blank,NA,NA,NA,NA,NA,NA,NA,NA,NA,NA,NA,NA,NA,NA,NA,NA,NA,NA,FALSE,NA,NA,NA,NA,NA,NA,NA,NA,NA,NA
XB_S12,negativ sequencing control,NA,NA,NA,NA,NA,blank,NA,NA,NA,NA,NA,NA,NA,NA,NA,NA,NA,NA,NA,NA,NA,NA,NA,NA,FALSE,NA,NA,NA,NA,NA,NA,NA,NA,NA,NA
XB_S257,negativ sequencing control,NA,NA,NA,NA,NA,blank,NA,NA,NA,NA,NA,NA,NA,NA,NA,NA,NA,NA,NA,NA,NA,NA,NA,NA,FALSE,NA,NA,NA,NA,NA,NA,NA,NA,NA,NA
20250414-ESe16a,NA,04.14.2025,NA,stationary,NA,NA,eDNA,water,Elkhorn Slough,estuary,0,passive,20,1,0,NA,Sterivex,2,Spring,36.8105,-121.7827,0,shallow,Apr.25,0,FALSE,NA,NA,NA,NA,NA,NA,NA,NA,NA,NA
20250414-ESe16b,NA,04.14.2025,NA,stationary,NA,NA,eDNA,water,Elkhorn Slough,estuary,0,passive,20,2,0,NA,Sterivex,2,Spring,36.8105,-121.7827,0,shallow,Apr.25,0,FALSE,NA,NA,NA,NA,NA,NA,NA,NA,NA,NA
20250414-ESe17a,NA,04.14.2025,NA,stationary,NA,NA,eDNA,water,Elkhorn Slough,estuary,0,passive,20,1,0,NA,Sterivex,2,Spring,36.8105,-121.7827,0,shallow,Apr.25,0,FALSE,NA,NA,NA,NA,NA,NA,NA,NA,NA,NA
20250414-ESe17b,NA,04.14.2025,NA,stationary,NA,NA,eDNA,water,Elkhorn Slough,estuary,0,passive,20,2,0,NA,Sterivex,2,Spring,36.8105,-121.7827,0,shallow,Apr.25,0,FALSE,NA,NA,NA,NA,NA,NA,NA,NA,NA,NA
20250414-ESe18a,NA,04.14.2025,NA,stationary,NA,NA,eDNA,water,Elkhorn Slough,estuary,0,active,0.22,1,19,NA,Sterivex,2,Spring,36.8105,-121.7827,0,shallow,Apr.25,0,FALSE,NA,NA,NA,NA,NA,NA,NA,NA,NA,NA
20250414-ESe18b,NA,04.14.2025,NA,stationary,NA,NA,eDNA,water,Elkhorn Slough,estuary,0,active,0.22,2,19,NA,Sterivex,2,Spring,36.8105,-121.7827,0,shallow,Apr.25,0,FALSE,NA,NA,NA,NA,NA,NA,NA,NA,NA,NA
20250414-ESe18c,NA,04.14.2025,NA,stationary,NA,NA,eDNA,water,Elkhorn Slough,estuary,0,active,0.22,3,19,NA,Sterivex,2,Spring,36.8105,-121.7827,0,shallow,Apr.25,0,FALSE,NA,NA,NA,NA,NA,NA,NA,NA,NA,NA
20250414-ESe19a,NA,04.14.2025,NA,stationary,NA,NA,eDNA,water,Elkhorn Slough,estuary,0,active,0.22,1,19,NA,Sterivex,2,Spring,36.8105,-121.7827,0,shallow,Apr.25,0,FALSE,NA,NA,NA,NA,NA,NA,NA,NA,NA,NA
20250414-ESe19b,NA,04.14.2025,NA,stationary,NA,NA,eDNA,water,Elkhorn Slough,estuary,0,active,0.22,2,20,NA,Sterivex,2,Spring,36.8105,-121.7827,0,shallow,Apr.25,0,FALSE,NA,NA,NA,NA,NA,NA,NA,NA,NA,NA
20250414-ESe19c,NA,04.14.2025,NA,stationary,NA,NA,eDNA,water,Elkhorn Slough,estuary,0,active,0.22,3,20,NA,Sterivex,2,Spring,36.8105,-121.7827,0,shallow,Apr.25,0,FALSE,NA,NA,NA,NA,NA,NA,NA,NA,NA,NA
20250414-ESe20a,NA,04.14.2025,NA,stationary,NA,NA,eDNA,water,Elkhorn Slough,estuary,0,active,0.22,2,21,NA,Sterivex,2,Spring,36.8105,-121.7827,0,shallow,Apr.25,0,FALSE,NA,NA,NA,NA,NA,NA,NA,NA,NA,NA
20250414-ESe20b,NA,04.14.2025,NA,stationary,NA,NA,eDNA,water,Elkhorn Slough,estuary,0,active,0.22,3,21,NA,Sterivex,2,Spring,36.8105,-121.7827,0,shallow,Apr.25,0,FALSE,NA,NA,NA,NA,NA,NA,NA,NA,NA,NA
20250414-ESe20c,NA,04.14.2025,NA,stationary,NA,NA,eDNA,water,Elkhorn Slough,estuary,0,active,0.22,1,21,NA,Sterivex,2,Spring,36.8105,-121.7827,0,shallow,Apr.25,0,FALSE,NA,NA,NA,NA,NA,NA,NA,NA,NA,NA
20250417-M1-010M-1,Label is different (preprinted),04.17.2025,NA,stationary,NA,NA,eDNA,water,M1,marine,10,active,0.22,1,NA,10,Sterivex,2,Spring,36.74166667,-122.0268333,10,shallow,Apr.25,10,TRUE,10,0,32.53678216,12.06693463,0.2140569,6.428707712,280.195625,10.07358871,12.06566,SynchroOSW - Spring2025 - CTD - M1.cnv
20250417-M1-010M-2,Label is different (preprinted),04.17.2025,NA,stationary,NA,NA,eDNA,water,M1,marine,10,active,0.22,2,NA,11,Sterivex,2,Spring,36.74166667,-122.0268333,10,shallow,Apr.25,10,TRUE,10,0,32.53678216,12.06693463,0.2140569,6.428707712,280.195625,10.07358871,12.06566,SynchroOSW - Spring2025 - CTD - M1.cnv
20250417-M1-010M-3,Label is different (preprinted),04.17.2025,NA,stationary,NA,NA,eDNA,water,M1,marine,10,active,0.22,3,NA,12,Sterivex,2,Spring,36.74166667,-122.0268333,10,shallow,Apr.25,10,TRUE,10,0,32.53678216,12.06693463,0.2140569,6.428707712,280.195625,10.07358871,12.06566,SynchroOSW - Spring2025 - CTD - M1.cnv
20250417-M1-12-5M-1,Deep Chl max,04.17.2025,NA,stationary,NA,NA,eDNA,water,M1,marine,12.5,active,0.22,1,NA,7,Sterivex,2,Spring,36.74166667,-122.0268333,DeepChla,shallow,Apr.25,12.5,TRUE,12,0.5,32.58602393,11.96004599,0.215954771,6.354285139,276.9375123,12.08967254,11.95852482,SynchroOSW - Spring2025 - CTD - M1.cnv
20250417-M1-12-5M-3,Deep Chl max,04.17.2025,NA,stationary,NA,NA,eDNA,water,M1,marine,12.5,active,0.22,3,NA,9,Sterivex,2,Spring,36.74166667,-122.0268333,DeepChla,shallow,Apr.25,12.5,TRUE,12,0.5,32.58602393,11.96004599,0.215954771,6.354285139,276.9375123,12.08967254,11.95852482,SynchroOSW - Spring2025 - CTD - M1.cnv
20250417-M1-150m-1,NA,04.17.2025,NA,stationary,NA,NA,eDNA,water,M1,marine,150,active,0.22,1,NA,4,Sterivex,2,Spring,36.74166667,-122.0268333,150,deep,Apr.25,150,TRUE,150,0,34.05486793,8.428320726,0.010996862,1.751203933,76.19269592,151.1679274,8.412793585,SynchroOSW - Spring2025 - CTD - M1.cnv
20250417-M1-150m-2,NA,04.17.2025,NA,stationary,NA,NA,eDNA,water,M1,marine,150,active,0.22,2,NA,5,Sterivex,2,Spring,36.74166667,-122.0268333,150,deep,Apr.25,150,TRUE,150,0,34.05486793,8.428320726,0.010996862,1.751203933,76.19269592,151.1679274,8.412793585,SynchroOSW - Spring2025 - CTD - M1.cnv
20250417-M1-150m-2-HW,"Deep Chl max, wrong label 20250417-M1-150m-2-HW double sample",04.17.2025,NA,stationary,NA,NA,eDNA,water,M1,marine,12.5,active,0.22,1,NA,7,Sterivex,2,Spring,36.74166667,-122.0268333,DeepChla,shallow,Apr.25,12.5,TRUE,12,0.5,32.58602393,11.96004599,0.215954771,6.354285139,276.9375123,12.08967254,11.95852482,SynchroOSW - Spring2025 - CTD - M1.cnv
20250417-M1-150m-3,NA,04.17.2025,NA,stationary,NA,NA,eDNA,water,M1,marine,150,active,0.22,3,NA,6,Sterivex,2,Spring,36.74166667,-122.0268333,150,deep,Apr.25,150,TRUE,150,0,34.05486793,8.428320726,0.010996862,1.751203933,76.19269592,151.1679274,8.412793585,SynchroOSW - Spring2025 - CTD - M1.cnv
20250417-M1-300m-1,NA,04.17.2025,NA,stationary,NA,NA,eDNA,water,M1,marine,300,active,0.22,1,NA,1,Sterivex,2,Spring,36.74166667,-122.0268333,300,deep,Apr.25,300,TRUE,295,5,34.14468629,7.499671171,0.007326214,1.154206607,50.2068969,297.3893894,7.470879988,SynchroOSW - Spring2025 - CTD - M1.cnv
20250417-M1-300m-2,NA,04.17.2025,NA,stationary,NA,NA,eDNA,water,M1,marine,300,active,0.22,2,NA,2,Sterivex,2,Spring,36.74166667,-122.0268333,300,deep,Apr.25,300,TRUE,295,5,34.14468629,7.499671171,0.007326214,1.154206607,50.2068969,297.3893894,7.470879988,SynchroOSW - Spring2025 - CTD - M1.cnv
20250417-M1-300m-3,NA,04.17.2025,NA,stationary,NA,NA,eDNA,water,M1,marine,300,active,0.22,3,NA,3,Sterivex,2,Spring,36.74166667,-122.0268333,300,deep,Apr.25,300,TRUE,295,5,34.14468629,7.499671171,0.007326214,1.154206607,50.2068969,297.3893894,7.470879988,SynchroOSW - Spring2025 - CTD - M1.cnv
20250417-M1-air-1,NA,04.17.2025,NA,stationary,OSWS,M1,eDNA,air,M1,marine,0,passive,0.22,1,NA,NA,disk,2,Spring,36.74166667,-122.0268333,0,shallow,Apr.25,0,FALSE,NA,NA,NA,NA,NA,NA,NA,NA,NA,NA
20250417-M1-air-2,NA,04.17.2025,NA,stationary,OSWS,M1,eDNA,air,M1,marine,0,passive,0.22,2,NA,NA,disk,2,Spring,36.74166667,-122.0268333,0,shallow,Apr.25,0,FALSE,NA,NA,NA,NA,NA,NA,NA,NA,NA,NA
20250417-M1-air-3,NA,04.17.2025,NA,stationary,OSWS,M1,eDNA,air,M1,marine,0,passive,0.22,3,NA,NA,disk,2,Spring,36.74166667,-122.0268333,0,shallow,Apr.25,0,FALSE,NA,NA,NA,NA,NA,NA,NA,NA,NA,NA
20250417-M1-air-st-A,NA,04.17.2025,NA,stationary,M1,M1,eDNA,air,M1,marine,0,passive,0.22,1,NA,NA,disk,2,Spring,36.74166667,-122.0268333,0,shallow,Apr.25,0,FALSE,NA,NA,NA,NA,NA,NA,NA,NA,NA,NA
20250417-M1-air-st-B,NA,04.17.2025,NA,stationary,M1,M1,eDNA,air,M1,marine,0,passive,0.22,2,NA,NA,disk,2,Spring,36.74166667,-122.0268333,0,shallow,Apr.25,0,FALSE,NA,NA,NA,NA,NA,NA,NA,NA,NA,NA
20250417-M1-air-st-C,NA,04.17.2025,NA,stationary,M1,M1,eDNA,air,M1,marine,0,passive,0.22,3,NA,NA,disk,2,Spring,36.74166667,-122.0268333,0,shallow,Apr.25,0,FALSE,NA,NA,NA,NA,NA,NA,NA,NA,NA,NA
20250417-M1-torp-1,NA,04.17.2025,NA,transition,NA,NA,eDNA,water,M1,marine,0,passive,20,1,NA,NA,disk,2,Spring,36.74166667,-122.0268333,0,shallow,Apr.25,0,FALSE,NA,NA,NA,NA,NA,NA,NA,NA,NA,NA
20250417-M1-torp-2,NA,04.17.2025,NA,transition,NA,NA,eDNA,water,M1,marine,0,passive,20,2,NA,NA,disk,2,Spring,36.74166667,-122.0268333,0,shallow,Apr.25,0,FALSE,NA,NA,NA,NA,NA,NA,NA,NA,NA,NA
20250417-MARS-010m-1,NA,04.17.2025,NA,stationary,NA,NA,eDNA,water,MARS,marine,10,active,0.22,1,NA,10,Sterivex,2,Spring,36.743,-122.1068333,10,shallow,Apr.25,10,TRUE,10,0,32.66873426,11.59371632,0.170871562,5.855597733,255.1683537,10.07455919,11.59247455,SynchroOSW - Spring2025 - CTD - MARS.cnv
20250417-MARS-010m-2,NA,04.17.2025,NA,stationary,NA,NA,eDNA,water,MARS,marine,10,active,0.22,2,NA,11,Sterivex,2,Spring,36.743,-122.1068333,10,shallow,Apr.25,10,TRUE,10,0,32.66873426,11.59371632,0.170871562,5.855597733,255.1683537,10.07455919,11.59247455,SynchroOSW - Spring2025 - CTD - MARS.cnv
20250417-MARS-010m-3,NA,04.17.2025,NA,stationary,NA,NA,eDNA,water,MARS,marine,10,active,0.22,3,NA,12,Sterivex,2,Spring,36.743,-122.1068333,10,shallow,Apr.25,10,TRUE,10,0,32.66873426,11.59371632,0.170871562,5.855597733,255.1683537,10.07455919,11.59247455,SynchroOSW - Spring2025 - CTD - MARS.cnv
20250417-MARS-011m-1,Deep Chl max,04.17.2025,NA,stationary,NA,NA,eDNA,water,MARS,marine,11,active,0.22,1,NA,7,Sterivex,2,Spring,36.743,-122.1068333,DeepChla,shallow,Apr.25,11,TRUE,11,0,32.74757557,11.45069365,0.178730504,5.689350882,247.9028625,11.08211587,11.44933875,SynchroOSW - Spring2025 - CTD - MARS.cnv
20250417-MARS-011m-2,Deep Chl max,04.17.2025,NA,stationary,NA,NA,eDNA,water,MARS,marine,11,active,0.22,2,NA,8,Sterivex,2,Spring,36.743,-122.1068333,DeepChla,shallow,Apr.25,11,TRUE,11,0,32.74757557,11.45069365,0.178730504,5.689350882,247.9028625,11.08211587,11.44933875,SynchroOSW - Spring2025 - CTD - MARS.cnv
20250417-MARS-011m-3,Deep Chl max,04.17.2025,NA,stationary,NA,NA,eDNA,water,MARS,marine,11,active,0.22,3,NA,9,Sterivex,2,Spring,36.743,-122.1068333,DeepChla,shallow,Apr.25,11,TRUE,11,0,32.74757557,11.45069365,0.178730504,5.689350882,247.9028625,11.08211587,11.44933875,SynchroOSW - Spring2025 - CTD - MARS.cnv
20250417-MARS-150m-1,NA,04.17.2025,NA,stationary,NA,NA,eDNA,water,MARS,marine,150,active,0.22,1,NA,4,Sterivex,2,Spring,36.743,-122.1068333,150,deep,Apr.25,150,TRUE,150,0,34.02932016,8.472951613,0.007713394,1.984782661,86.35785887,151.1693548,8.457379533,SynchroOSW - Spring2025 - CTD - MARS.cnv
20250417-MARS-150m-2,NA,04.17.2025,NA,stationary,NA,NA,eDNA,water,MARS,marine,150,active,0.22,2,NA,5,Sterivex,2,Spring,36.743,-122.1068333,150,deep,Apr.25,150,TRUE,150,0,34.02932016,8.472951613,0.007713394,1.984782661,86.35785887,151.1693548,8.457379533,SynchroOSW - Spring2025 - CTD - MARS.cnv
20250417-MARS-150m-3,NA,04.17.2025,NA,stationary,NA,NA,eDNA,water,MARS,marine,150,active,0.22,3,NA,6,Sterivex,2,Spring,36.743,-122.1068333,150,deep,Apr.25,150,TRUE,150,0,34.02932016,8.472951613,0.007713394,1.984782661,86.35785887,151.1693548,8.457379533,SynchroOSW - Spring2025 - CTD - MARS.cnv
20250417-MARS-300m-1,NA,04.17.2025,NA,stationary,NA,NA,eDNA,water,MARS,marine,300,active,0.22,1,NA,1,Sterivex,2,Spring,36.743,-122.1068333,300,deep,Apr.25,300,TRUE,291,9,34.12762753,7.468100102,0.007326772,1.204145036,52.37829171,293.3265097,7.439788013,SynchroOSW - Spring2025 - CTD - MARS.cnv
20250417-MARS-300m-2,NA,04.17.2025,NA,stationary,NA,NA,eDNA,water,MARS,marine,300,active,0.22,2,NA,2,Sterivex,2,Spring,36.743,-122.1068333,300,deep,Apr.25,300,TRUE,291,9,34.12762753,7.468100102,0.007326772,1.204145036,52.37829171,293.3265097,7.439788013,SynchroOSW - Spring2025 - CTD - MARS.cnv
20250417-MARS-300m-3,NA,04.17.2025,NA,stationary,NA,NA,eDNA,water,MARS,marine,300,active,0.22,3,NA,3,Sterivex,2,Spring,36.743,-122.1068333,300,deep,Apr.25,300,TRUE,291,9,34.12762753,7.468100102,0.007326772,1.204145036,52.37829171,293.3265097,7.439788013,SynchroOSW - Spring2025 - CTD - MARS.cnv
20250417-MARS-torp-A,NA,04.17.2025,09:40:00,transition,NA,NA,eDNA,water,MARS,marine,0,passive,20,A,5,NA,disk,2,Spring,36.743,-122.1068333,0,shallow,Apr.25,0,FALSE,NA,NA,NA,NA,NA,NA,NA,NA,NA,NA
20250417-MARS-torp-B,NA,04.17.2025,09:40:00,transition,NA,NA,eDNA,water,MARS,marine,0,passive,20,B,5,NA,disk,2,Spring,36.743,-122.1068333,0,shallow,Apr.25,0,FALSE,NA,NA,NA,NA,NA,NA,NA,NA,NA,NA
20250417-OSWS-010m-1,NA,04.17.2025,NA,stationary,NA,NA,eDNA,water,OSWS,marine,10,active,0.22,1,NA,10,Sterivex,2,Spring,36.6775,-122.5351667,10,shallow,Apr.25,10,TRUE,NA,NA,NA,NA,NA,NA,NA,NA,NA,NA
20250417-OSWS-010m-2,NA,04.17.2025,NA,stationary,NA,NA,eDNA,water,OSWS,marine,10,active,0.22,2,NA,11,Sterivex,2,Spring,36.6775,-122.5351667,10,shallow,Apr.25,10,TRUE,NA,NA,NA,NA,NA,NA,NA,NA,NA,NA
20250417-OSWS-010m-3,NA,04.17.2025,NA,stationary,NA,NA,eDNA,water,OSWS,marine,10,active,NA,3,NA,12,Sterivex,2,Spring,36.6775,-122.5351667,10,shallow,Apr.25,10,TRUE,NA,NA,NA,NA,NA,NA,NA,NA,NA,NA
20250417-OSWS-017m-1,Deep Chl max,04.17.2025,NA,stationary,NA,NA,eDNA,water,OSWS,marine,17,active,0.22,1,NA,7,Sterivex,2,Spring,36.6775,-122.5351667,DeepChla,shallow,Apr.25,17,TRUE,NA,NA,NA,NA,NA,NA,NA,NA,NA,NA
20250417-OSWS-017m-2,Deep Chl max,04.17.2025,NA,stationary,NA,NA,eDNA,water,OSWS,marine,17,active,0.22,2,NA,8,Sterivex,2,Spring,36.6775,-122.5351667,DeepChla,shallow,Apr.25,17,TRUE,NA,NA,NA,NA,NA,NA,NA,NA,NA,NA
20250417-OSWS-017m-3,Deep Chl max,04.17.2025,NA,stationary,NA,NA,eDNA,water,OSWS,marine,17,active,0.22,3,NA,9,Sterivex,2,Spring,36.6775,-122.5351667,DeepChla,shallow,Apr.25,17,TRUE,NA,NA,NA,NA,NA,NA,NA,NA,NA,NA
20250417-OSWS-150m-1,NA,04.17.2025,NA,stationary,NA,NA,eDNA,water,OSWS,marine,150,active,0.22,1,NA,4,Sterivex,2,Spring,36.6775,-122.5351667,150,deep,Apr.25,150,TRUE,NA,NA,NA,NA,NA,NA,NA,NA,NA,NA
20250417-OSWS-150m-2,NA,04.17.2025,NA,stationary,NA,NA,eDNA,water,OSWS,marine,150,active,0.22,2,NA,5,Sterivex,2,Spring,36.6775,-122.5351667,150,deep,Apr.25,150,TRUE,NA,NA,NA,NA,NA,NA,NA,NA,NA,NA
20250417-OSWS-150m-3,NA,04.17.2025,NA,stationary,NA,NA,eDNA,water,OSWS,marine,150,active,0.22,3,NA,6,Sterivex,2,Spring,36.6775,-122.5351667,150,deep,Apr.25,150,TRUE,NA,NA,NA,NA,NA,NA,NA,NA,NA,NA
20250417-OSWS-300m-1,NA,04.17.2025,NA,stationary,NA,NA,eDNA,water,OSWS,marine,300,active,0.22,1,NA,1,Sterivex,2,Spring,36.6775,-122.5351667,300,deep,Apr.25,300,TRUE,NA,NA,NA,NA,NA,NA,NA,NA,NA,NA
20250417-OSWS-300m-2,NA,04.17.2025,NA,stationary,NA,NA,eDNA,water,OSWS,marine,300,active,0.22,2,NA,2,Sterivex,2,Spring,36.6775,-122.5351667,300,deep,Apr.25,300,TRUE,NA,NA,NA,NA,NA,NA,NA,NA,NA,NA
20250417-OSWS-300m-3,NA,04.17.2025,NA,stationary,NA,NA,eDNA,water,OSWS,marine,300,active,0.22,3,NA,3,Sterivex,2,Spring,36.6775,-122.5351667,300,deep,Apr.25,300,TRUE,NA,NA,NA,NA,NA,NA,NA,NA,NA,NA
20250417-OSWS-air-1,"MARS transit to OSWS, one filter torn",04.17.2025,NA,stationary,MARS,OSWS,eDNA,air,OSWS,marine,0,passive,0.22,1,NA,NA,disk,2,Spring,36.6775,-122.5351667,0,shallow,Apr.25,0,FALSE,NA,NA,NA,NA,NA,NA,NA,NA,NA,NA
20250417-OSWS-air-2,"MARS transit to OSWS, one filter torn",04.17.2025,NA,stationary,MARS,OSWS,eDNA,air,OSWS,marine,0,passive,0.22,2,NA,NA,disk,2,Spring,36.6775,-122.5351667,0,shallow,Apr.25,0,FALSE,NA,NA,NA,NA,NA,NA,NA,NA,NA,NA
20250417-OSWS-air-3,"MARS transit to OSWS, one filter torn",04.17.2025,NA,stationary,MARS,OSWS,eDNA,air,OSWS,marine,0,passive,0.22,3,NA,NA,disk,2,Spring,36.6775,-122.5351667,0,shallow,Apr.25,0,FALSE,NA,NA,NA,NA,NA,NA,NA,NA,NA,NA
20250417-OSWS-air-st-1,NA,04.17.2025,NA,stationary,OSWS,OSWS,eDNA,air,OSWS,marine,0,passive,0.22,1,NA,NA,disk,2,Spring,36.6775,-122.5351667,0,shallow,Apr.25,0,FALSE,NA,NA,NA,NA,NA,NA,NA,NA,NA,NA
20250417-OSWS-air-st-2,NA,04.17.2025,NA,stationary,OSWS,OSWS,eDNA,air,OSWS,marine,0,passive,0.22,2,NA,NA,disk,2,Spring,36.6775,-122.5351667,0,shallow,Apr.25,0,FALSE,NA,NA,NA,NA,NA,NA,NA,NA,NA,NA
20250417-OSWS-air-st-3,NA,04.17.2025,NA,stationary,OSWS,OSWS,eDNA,air,OSWS,marine,0,passive,0.22,3,NA,NA,disk,2,Spring,36.6775,-122.5351667,0,shallow,Apr.25,0,FALSE,NA,NA,NA,NA,NA,NA,NA,NA,NA,NA
20250417-OSWS-torp-1,NA,04.17.2025,NA,transition,NA,NA,eDNA,water,OSWS,marine,0,passive,20,1,3,NA,disk,2,Spring,36.6775,-122.5351667,0,shallow,Apr.25,0,FALSE,NA,NA,NA,NA,NA,NA,NA,NA,NA,NA
20250417-OSWS-torp-2,NA,04.17.2025,NA,transition,NA,NA,eDNA,water,OSWS,marine,0,passive,20,2,3,NA,disk,2,Spring,36.6775,-122.5351667,0,shallow,Apr.25,0,FALSE,NA,NA,NA,NA,NA,NA,NA,NA,NA,NA
20250418-C1-010m-1,humpback surfaced,04.18.2025,NA,stationary,NA,NA,eDNA,water,C1,marine,10,active,0.22,1,NA,7,Sterivex,2,Spring,36.8045,-121.858,10,shallow,Apr.25,10,TRUE,10,0,33.55089668,11.93733647,0.159538,6.14092136,267.4406705,10.07455919,11.93605715,SynchroOSW - Spring2025 - CTD - C1.cnv
20250418-C1-010m-1b,back-up,04.18.2025,NA,stationary,NA,NA,eDNA,water,C1,marine,10,active,0.22,1,NA,7,Sterivex,2,Spring,36.8045,-121.858,10,shallow,Apr.25,10,TRUE,10,0,33.55089668,11.93733647,0.159538,6.14092136,267.4406705,10.07455919,11.93605715,SynchroOSW - Spring2025 - CTD - C1.cnv
20250418-C1-010m-2,humpback surfaced,04.18.2025,NA,stationary,NA,NA,eDNA,water,C1,marine,10,active,0.22,2,NA,8,Sterivex,2,Spring,36.8045,-121.858,10,shallow,Apr.25,10,TRUE,10,0,33.55089668,11.93733647,0.159538,6.14092136,267.4406705,10.07455919,11.93605715,SynchroOSW - Spring2025 - CTD - C1.cnv
20250418-C1-010m-2-2,humpback surfaced,04.18.2025,NA,stationary,NA,NA,eDNA,water,C1,marine,10,active,NA,3,NA,9,Sterivex,2,Spring,36.8045,-121.858,10,shallow,Apr.25,10,TRUE,10,0,33.55089668,11.93733647,0.159538,6.14092136,267.4406705,10.07455919,11.93605715,SynchroOSW - Spring2025 - CTD - C1.cnv
20250418-C1-010m-2b,back-up,04.18.2025,NA,stationary,NA,NA,eDNA,water,C1,marine,10,active,0.22,2,NA,8,Sterivex,2,Spring,36.8045,-121.858,10,shallow,Apr.25,10,TRUE,10,0,33.55089668,11.93733647,0.159538,6.14092136,267.4406705,10.07455919,11.93605715,SynchroOSW - Spring2025 - CTD - C1.cnv
20250418-C1-010m-3b,back-up,04.18.2025,NA,stationary,NA,NA,eDNA,water,C1,marine,10,active,NA,3,NA,9,Sterivex,2,Spring,36.8045,-121.858,10,shallow,Apr.25,10,TRUE,10,0,33.55089668,11.93733647,0.159538,6.14092136,267.4406705,10.07455919,11.93605715,SynchroOSW - Spring2025 - CTD - C1.cnv
20250418-C1-010m-4,in silica,04.18.2025,NA,stationary,NA,NA,eDNA,water,C1,marine,10,active,0.22,4,NA,10,Sterivex,2,Spring,36.8045,-121.858,10,shallow,Apr.25,10,TRUE,10,0,33.55089668,11.93733647,0.159538,6.14092136,267.4406705,10.07455919,11.93605715,SynchroOSW - Spring2025 - CTD - C1.cnv
20250418-C1-010m-4b,back-up,04.18.2025,NA,stationary,NA,NA,eDNA,water,C1,marine,10,active,0.22,4,NA,10,Sterivex,2,Spring,36.8045,-121.858,10,shallow,Apr.25,10,TRUE,10,0,33.55089668,11.93733647,0.159538,6.14092136,267.4406705,10.07455919,11.93605715,SynchroOSW - Spring2025 - CTD - C1.cnv
20250418-C1-010m-5,in silica,04.18.2025,NA,stationary,NA,NA,eDNA,water,C1,marine,10,active,0.22,5,NA,11,Sterivex,2,Spring,36.8045,-121.858,10,shallow,Apr.25,10,TRUE,10,0,33.55089668,11.93733647,0.159538,6.14092136,267.4406705,10.07455919,11.93605715,SynchroOSW - Spring2025 - CTD - C1.cnv
20250418-C1-010m-5b,back-up,04.18.2025,NA,stationary,NA,NA,eDNA,water,C1,marine,10,active,0.22,5,NA,11,Sterivex,2,Spring,36.8045,-121.858,10,shallow,Apr.25,10,TRUE,10,0,33.55089668,11.93733647,0.159538,6.14092136,267.4406705,10.07455919,11.93605715,SynchroOSW - Spring2025 - CTD - C1.cnv
20250418-C1-010m-6,in silica,04.18.2025,NA,stationary,NA,NA,eDNA,water,C1,marine,10,active,0.22,6,NA,12,Sterivex,2,Spring,36.8045,-121.858,10,shallow,Apr.25,10,TRUE,10,0,33.55089668,11.93733647,0.159538,6.14092136,267.4406705,10.07455919,11.93605715,SynchroOSW - Spring2025 - CTD - C1.cnv
20250418-C1-010m-6b,back-up,04.18.2025,NA,stationary,NA,NA,eDNA,water,C1,marine,10,active,0.22,6,NA,12,Sterivex,2,Spring,36.8045,-121.858,10,shallow,Apr.25,10,TRUE,10,0,33.55089668,11.93733647,0.159538,6.14092136,267.4406705,10.07455919,11.93605715,SynchroOSW - Spring2025 - CTD - C1.cnv
20250418-C1-017m-1,humpback surfaced,04.18.2025,NA,stationary,NA,NA,eDNA,water,C1,marine,17,active,0.22,1,NA,4,Sterivex,2,Spring,36.8045,-121.858,DeepChla,shallow,Apr.25,17,TRUE,17,0,33.68451375,10.67624232,0.191464368,4.570124534,198.9690287,17.12745592,10.67422113,SynchroOSW - Spring2025 - CTD - C1.cnv
20250418-C1-017m-1b,back-up,04.18.2025,NA,stationary,NA,NA,eDNA,water,C1,marine,17,active,0.22,1,NA,4,Sterivex,2,Spring,36.8045,-121.858,DeepChla,shallow,Apr.25,17,TRUE,17,0,33.68451375,10.67624232,0.191464368,4.570124534,198.9690287,17.12745592,10.67422113,SynchroOSW - Spring2025 - CTD - C1.cnv
20250418-C1-017m-2,humpback surfaced,04.18.2025,NA,stationary,NA,NA,eDNA,water,C1,marine,17,active,0.22,2,NA,5,Sterivex,2,Spring,36.8045,-121.858,DeepChla,shallow,Apr.25,17,TRUE,17,0,33.68451375,10.67624232,0.191464368,4.570124534,198.9690287,17.12745592,10.67422113,SynchroOSW - Spring2025 - CTD - C1.cnv
20250418-C1-017m-2b,back-up,04.18.2025,NA,stationary,NA,NA,eDNA,water,C1,marine,17,active,0.22,2,NA,5,Sterivex,2,Spring,36.8045,-121.858,DeepChla,shallow,Apr.25,17,TRUE,17,0,33.68451375,10.67624232,0.191464368,4.570124534,198.9690287,17.12745592,10.67422113,SynchroOSW - Spring2025 - CTD - C1.cnv
20250418-C1-017m-3,humpback surfaced,04.18.2025,NA,stationary,NA,NA,eDNA,water,C1,marine,17,active,0.22,3,NA,6,Sterivex,2,Spring,36.8045,-121.858,DeepChla,shallow,Apr.25,17,TRUE,17,0,33.68451375,10.67624232,0.191464368,4.570124534,198.9690287,17.12745592,10.67422113,SynchroOSW - Spring2025 - CTD - C1.cnv
20250418-C1-017m-3b,back-up,04.18.2025,NA,stationary,NA,NA,eDNA,water,C1,marine,17,active,0.22,3,NA,6,Sterivex,2,Spring,36.8045,-121.858,DeepChla,shallow,Apr.25,17,TRUE,17,0,33.68451375,10.67624232,0.191464368,4.570124534,198.9690287,17.12745592,10.67422113,SynchroOSW - Spring2025 - CTD - C1.cnv
20250418-C1-150m-1,humpback surfaced,04.18.2025,NA,stationary,NA,NA,eDNA,water,C1,marine,150,active,0.22,1,NA,1,Sterivex,2,Spring,36.8045,-121.858,150,deep,Apr.25,150,TRUE,146,4,33.98820923,8.78020394,0.015568509,1.824783691,79.40242294,147.1481297,8.764720365,SynchroOSW - Spring2025 - CTD - C1.cnv
20250418-C1-150m-1b,back-up,04.18.2025,NA,stationary,NA,NA,eDNA,water,C1,marine,150,active,0.22,1,NA,1,Sterivex,2,Spring,36.8045,-121.858,150,deep,Apr.25,150,TRUE,146,4,33.98820923,8.78020394,0.015568509,1.824783691,79.40242294,147.1481297,8.764720365,SynchroOSW - Spring2025 - CTD - C1.cnv
20250418-C1-150m-2,humpback surfaced,04.18.2025,NA,stationary,NA,NA,eDNA,water,C1,marine,150,active,0.22,2,NA,2,Sterivex,2,Spring,36.8045,-121.858,150,deep,Apr.25,150,TRUE,146,4,33.98820923,8.78020394,0.015568509,1.824783691,79.40242294,147.1481297,8.764720365,SynchroOSW - Spring2025 - CTD - C1.cnv
20250418-C1-150m-2b,back-up,04.18.2025,NA,stationary,NA,NA,eDNA,water,C1,marine,150,active,0.22,2,NA,2,Sterivex,2,Spring,36.8045,-121.858,150,deep,Apr.25,150,TRUE,146,4,33.98820923,8.78020394,0.015568509,1.824783691,79.40242294,147.1481297,8.764720365,SynchroOSW - Spring2025 - CTD - C1.cnv
20250418-C1-150m-3,humpback surfaced,04.18.2025,NA,stationary,NA,NA,eDNA,water,C1,marine,150,active,0.22,3,NA,3,Sterivex,2,Spring,36.8045,-121.858,150,deep,Apr.25,150,TRUE,146,4,33.98820923,8.78020394,0.015568509,1.824783691,79.40242294,147.1481297,8.764720365,SynchroOSW - Spring2025 - CTD - C1.cnv
20250418-C1-150m-3b,back-up,04.18.2025,NA,stationary,NA,NA,eDNA,water,C1,marine,150,active,0.22,3,NA,3,Sterivex,2,Spring,36.8045,-121.858,150,deep,Apr.25,150,TRUE,146,4,33.98820923,8.78020394,0.015568509,1.824783691,79.40242294,147.1481297,8.764720365,SynchroOSW - Spring2025 - CTD - C1.cnv
20250418-C1-air-st-1,NA,04.18.2025,NA,stationary,C1,C1,eDNA,air,C1,marine,0,passive,0.22,1,NA,NA,disk,2,Spring,36.8045,-121.858,0,shallow,Apr.25,0,FALSE,NA,NA,NA,NA,NA,NA,NA,NA,NA,NA
20250418-C1-air-st-2,NA,04.18.2025,NA,stationary,C1,C1,eDNA,air,C1,marine,0,passive,0.22,2,NA,NA,disk,2,Spring,36.8045,-121.858,0,shallow,Apr.25,0,FALSE,NA,NA,NA,NA,NA,NA,NA,NA,NA,NA
20250418-C1-air-st-3,NA,04.18.2025,NA,stationary,C1,C1,eDNA,air,C1,marine,0,passive,0.22,3,NA,NA,disk,2,Spring,36.8045,-121.858,0,shallow,Apr.25,0,FALSE,NA,NA,NA,NA,NA,NA,NA,NA,NA,NA
20250418-C1-torp-1,NA,04.18.2025,NA,stationary,NA,NA,eDNA,water,C1,marine,0,passive,0.22,1,3,NA,disk,2,Spring,36.8045,-121.858,0,shallow,Apr.25,0,FALSE,NA,NA,NA,NA,NA,NA,NA,NA,NA,NA
20250418-C1-torp-2,NA,04.18.2025,NA,stationary,NA,NA,eDNA,water,C1,marine,0,passive,0.22,2,3,NA,disk,2,Spring,36.8045,-121.858,0,shallow,Apr.25,0,FALSE,NA,NA,NA,NA,NA,NA,NA,NA,NA,NA
20250418-M2-010m-1,NA,04.18.2025,NA,stationary,NA,NA,eDNA,water,M2,marine,10,active,0.22,1,NA,10,Sterivex,2,Spring,36.7015,-122.3743333,10,shallow,Apr.25,10,TRUE,10,0,32.97212814,12.24130787,0.089488475,6.014911044,262.0806853,10.07261725,12.24001458,SynchroOSW - Spring2025 - CTD - M2.cnv
20250418-M2-010m-2,NA,04.18.2025,NA,stationary,NA,NA,eDNA,water,M2,marine,10,active,0.22,2,NA,11,Sterivex,2,Spring,36.7015,-122.3743333,10,shallow,Apr.25,10,TRUE,10,0,32.97212814,12.24130787,0.089488475,6.014911044,262.0806853,10.07261725,12.24001458,SynchroOSW - Spring2025 - CTD - M2.cnv
20250418-M2-010m-3,NA,04.18.2025,NA,stationary,NA,NA,eDNA,water,M2,marine,10,active,0.22,3,NA,12,Sterivex,2,Spring,36.7015,-122.3743333,10,shallow,Apr.25,10,TRUE,10,0,32.97212814,12.24130787,0.089488475,6.014911044,262.0806853,10.07261725,12.24001458,SynchroOSW - Spring2025 - CTD - M2.cnv
20250418-M2-050m-1,NA,04.18.2025,NA,stationary,NA,NA,eDNA,water,M2,marine,50,active,0.22,1,NA,7,Sterivex,2,Spring,36.7015,-122.3743333,DeepChla,shallow,Apr.25,50,TRUE,50,0,33.633229,9.79568429,0.056511378,2.496828097,108.6898489,50.37462236,9.790059593,SynchroOSW - Spring2025 - CTD - M2.cnv
20250418-M2-050m-2,NA,04.18.2025,NA,stationary,NA,NA,eDNA,water,M2,marine,50,active,0.22,2,NA,8,Sterivex,2,Spring,36.7015,-122.3743333,DeepChla,shallow,Apr.25,50,TRUE,50,0,33.633229,9.79568429,0.056511378,2.496828097,108.6898489,50.37462236,9.790059593,SynchroOSW - Spring2025 - CTD - M2.cnv
20250418-M2-050m-3,NA,04.18.2025,NA,stationary,NA,NA,eDNA,water,M2,marine,50,active,0.22,3,NA,9,Sterivex,2,Spring,36.7015,-122.3743333,DeepChla,shallow,Apr.25,50,TRUE,50,0,33.633229,9.79568429,0.056511378,2.496828097,108.6898489,50.37462236,9.790059593,SynchroOSW - Spring2025 - CTD - M2.cnv
20250418-M2-150m-1,NA,04.18.2025,NA,stationary,NA,NA,eDNA,water,M2,marine,150,active,0.22,1,NA,4,Sterivex,2,Spring,36.7015,-122.3743333,150,deep,Apr.25,150,TRUE,150,0,34.03400517,8.227280993,0.007436162,2.009224287,87.41606864,151.1003168,8.211994172,SynchroOSW - Spring2025 - CTD - M2.cnv
20250418-M2-150m-2,NA,04.18.2025,NA,stationary,NA,NA,eDNA,water,M2,marine,150,active,0.22,2,NA,5,Sterivex,2,Spring,36.7015,-122.3743333,150,deep,Apr.25,150,TRUE,150,0,34.03400517,8.227280993,0.007436162,2.009224287,87.41606864,151.1003168,8.211994172,SynchroOSW - Spring2025 - CTD - M2.cnv
20250418-M2-150m-3,NA,04.18.2025,NA,stationary,NA,NA,eDNA,water,M2,marine,150,active,0.22,3,NA,6,Sterivex,2,Spring,36.7015,-122.3743333,150,deep,Apr.25,150,TRUE,150,0,34.03400517,8.227280993,0.007436162,2.009224287,87.41606864,151.1003168,8.211994172,SynchroOSW - Spring2025 - CTD - M2.cnv
20250418-M2-300m-1,NA,04.18.2025,NA,stationary,NA,NA,eDNA,water,M2,marine,300,active,0.22,1,NA,1,Sterivex,2,Spring,36.7015,-122.3743333,300,deep,Apr.25,300,TRUE,295,5,34.14179138,7.197349017,0.007326,1.105064297,48.06895613,297.4039334,7.169238743,SynchroOSW - Spring2025 - CTD - M2.cnv
20250418-M2-300m-2,NA,04.18.2025,NA,stationary,NA,NA,eDNA,water,M2,marine,300,active,0.22,2,NA,2,Sterivex,2,Spring,36.7015,-122.3743333,300,deep,Apr.25,300,TRUE,295,5,34.14179138,7.197349017,0.007326,1.105064297,48.06895613,297.4039334,7.169238743,SynchroOSW - Spring2025 - CTD - M2.cnv
20250418-M2-300m-3,NA,04.18.2025,NA,stationary,NA,NA,eDNA,water,M2,marine,300,active,0.22,3,NA,3,Sterivex,2,Spring,36.7015,-122.3743333,300,deep,Apr.25,300,TRUE,295,5,34.14179138,7.197349017,0.007326,1.105064297,48.06895613,297.4039334,7.169238743,SynchroOSW - Spring2025 - CTD - M2.cnv
20250418-M2-torp-1,NA,04.18.2025,NA,stationary,NA,NA,eDNA,water,M2,marine,0,passive,20,A,3 mins,NA,disk,2,Spring,36.7015,-122.3743333,0,shallow,Apr.25,0,FALSE,NA,NA,NA,NA,NA,NA,NA,NA,NA,NA
20250418-M2-torp-2,NA,04.18.2025,NA,stationary,NA,NA,eDNA,water,M2,marine,0,passive,20,B,3 mins,NA,disk,2,Spring,36.7015,-122.3743333,0,shallow,Apr.25,0,FALSE,NA,NA,NA,NA,NA,NA,NA,NA,NA,NA
20250418-Mars-torp-test,Testing torp with Iron,04.18.2025,NA,transition,NA,NA,eDNA,water,MARS,marine,0,passive,20,2,NA,NA,disk,2,Spring,36.743,-122.1068333,0,shallow,Apr.25,0,FALSE,NA,NA,NA,NA,NA,NA,NA,NA,NA,NA
20250722-ESe-23a,NA,07.22.2025,11:50:00,stationary,NA,NA,eDNA,water,Elkhorn Slough,estuary,0,active,0.22,1,NA,23,disk,3,Summer,36.8117,-121.77959,0,shallow,Jul.25,0,FALSE,NA,NA,NA,NA,NA,NA,NA,NA,NA,NA
20250722-ESe-23b,NA,07.22.2025,11:50:00,stationary,NA,NA,eDNA,water,Elkhorn Slough,estuary,0,active,0.22,2,NA,23,disk,3,Summer,36.8117,-121.77959,0,shallow,Jul.25,0,FALSE,NA,NA,NA,NA,NA,NA,NA,NA,NA,NA
20250722-ESe19a,torp,07.22.2025,11:50:00,transition,NA,NA,eDNA,water,Elkhorn Slough,estuary,0,passive,20,1,1,19,disk,3,Summer,36.8117,-121.77959,0,shallow,Jul.25,0,FALSE,NA,NA,NA,NA,NA,NA,NA,NA,NA,NA
20250722-ESe19a-2,torp,07.22.2025,11:50:00,transition,NA,NA,eDNA,water,Elkhorn Slough,estuary,0,passive,20,1,1,19,disk,3,Summer,36.8117,-121.77959,0,shallow,Jul.25,0,FALSE,NA,NA,NA,NA,NA,NA,NA,NA,NA,NA
20250722-ESe19b,torp,07.22.2025,11:50:00,transition,NA,NA,eDNA,water,Elkhorn Slough,estuary,0,passive,20,2,1,19,disk,3,Summer,36.8117,-121.77959,0,shallow,Jul.25,0,FALSE,NA,NA,NA,NA,NA,NA,NA,NA,NA,NA
20250722-ESe20a,NA,07.22.2025,11:50:00,stationary,NA,NA,eDNA,water,Elkhorn Slough,estuary,0,active,0.22,1,NA,19,disk,3,Summer,36.8117,-121.77959,0,shallow,Jul.25,0,FALSE,NA,NA,NA,NA,NA,NA,NA,NA,NA,NA
20250722-ESe20b,NA,07.22.2025,11:50:00,stationary,NA,NA,eDNA,water,Elkhorn Slough,estuary,0,active,0.22,2,NA,20,disk,3,Summer,36.8117,-121.77959,0,shallow,Jul.25,0,FALSE,NA,NA,NA,NA,NA,NA,NA,NA,NA,NA
20250722-ESe20c,NA,07.22.2025,11:50:00,stationary,NA,NA,eDNA,water,Elkhorn Slough,estuary,0,active,0.22,3,NA,20,disk,3,Summer,36.8117,-121.77959,0,shallow,Jul.25,0,FALSE,NA,NA,NA,NA,NA,NA,NA,NA,NA,NA
20250722-ESe21a,NA,07.22.2025,11:50:00,stationary,NA,NA,eDNA,water,Elkhorn Slough,estuary,0,active,0.22,1,NA,20,disk,3,Summer,36.8117,-121.77959,0,shallow,Jul.25,0,FALSE,NA,NA,NA,NA,NA,NA,NA,NA,NA,NA
20250722-ESe21b,NA,07.22.2025,11:50:00,stationary,NA,NA,eDNA,water,Elkhorn Slough,estuary,0,active,0.22,2,NA,21,disk,3,Summer,36.8117,-121.77959,0,shallow,Jul.25,0,FALSE,NA,NA,NA,NA,NA,NA,NA,NA,NA,NA
20250722-ESe21c,NA,07.22.2025,11:50:00,stationary,NA,NA,eDNA,water,Elkhorn Slough,estuary,0,active,0.22,3,NA,21,disk,3,Summer,36.8117,-121.77959,0,shallow,Jul.25,0,FALSE,NA,NA,NA,NA,NA,NA,NA,NA,NA,NA
20250722-ESe22a,NA,07.22.2025,11:50:00,stationary,NA,NA,eDNA,water,Elkhorn Slough,estuary,0,active,0.22,1,NA,21,disk,3,Summer,36.8117,-121.77959,0,shallow,Jul.25,0,FALSE,NA,NA,NA,NA,NA,NA,NA,NA,NA,NA
20250722-ESe22b,20250722_Ese_22b,07.22.2025,11:50:00,stationary,NA,NA,eDNA,water,Elkhorn Slough,estuary,0,active,0.22,2,NA,22,disk,3,Summer,36.8117,-121.77959,0,shallow,Jul.25,0,FALSE,NA,NA,NA,NA,NA,NA,NA,NA,NA,NA
20250722-ESe22c,20250722_Ese_22c,07.22.2025,11:50:00,stationary,NA,NA,eDNA,water,Elkhorn Slough,estuary,0,active,0.22,3,NA,22,disk,3,Summer,36.8117,-121.77959,0,shallow,Jul.25,0,FALSE,NA,NA,NA,NA,NA,NA,NA,NA,NA,NA
20250723-M1-010M-1,NA,07.23.2025,NA,stationary,NA,NA,eDNA,water,M1,marine,10,active,0.22,1,NA,NA,Sterivex,3,Summer,36.74166667,-122.0268333,10,shallow,Jul.25,10,TRUE,10,0,33.64266175,14.54540462,0.157795698,5.979746034,260.536747,10.07329317,14.54393697,SynchroOSW - Summer2025 - CTD - M1.cnv
20250723-M1-010M-2,NA,07.23.2025,NA,stationary,NA,NA,eDNA,water,M1,marine,10,active,0.22,2,NA,NA,Sterivex,3,Summer,36.74166667,-122.0268333,10,shallow,Jul.25,10,TRUE,10,0,33.64266175,14.54540462,0.157795698,5.979746034,260.536747,10.07329317,14.54393697,SynchroOSW - Summer2025 - CTD - M1.cnv
20250723-M1-010M-3,NA,07.23.2025,NA,stationary,NA,NA,eDNA,water,M1,marine,10,active,0.22,3,NA,NA,Sterivex,3,Summer,36.74166667,-122.0268333,10,shallow,Jul.25,10,TRUE,10,0,33.64266175,14.54540462,0.157795698,5.979746034,260.536747,10.07329317,14.54393697,SynchroOSW - Summer2025 - CTD - M1.cnv
20250723-M1-016m-1,Deep Chl max,07.23.2025,NA,stationary,NA,NA,eDNA,water,M1,marine,16,active,0.22,1,NA,NA,Sterivex,3,Summer,36.74166667,-122.0268333,DeepChla,shallow,Jul.25,16,TRUE,16,0,33.68327553,14.65316732,0.220713822,6.078598187,264.8410901,16.11983887,14.65080553,SynchroOSW - Summer2025 - CTD - M1.cnv
20250723-M1-016m-2,Deep Chl max,07.23.2025,NA,stationary,NA,NA,eDNA,water,M1,marine,16,active,0.22,2,NA,NA,Sterivex,3,Summer,36.74166667,-122.0268333,DeepChla,shallow,Jul.25,16,TRUE,16,0,33.68327553,14.65316732,0.220713822,6.078598187,264.8410901,16.11983887,14.65080553,SynchroOSW - Summer2025 - CTD - M1.cnv
20250723-M1-016m-3,Deep Chl max,07.23.2025,NA,stationary,NA,NA,eDNA,water,M1,marine,16,active,0.22,3,NA,NA,Sterivex,3,Summer,36.74166667,-122.0268333,DeepChla,shallow,Jul.25,16,TRUE,16,0,33.68327553,14.65316732,0.220713822,6.078598187,264.8410901,16.11983887,14.65080553,SynchroOSW - Summer2025 - CTD - M1.cnv
20250723-M1-150m-1,NA,07.23.2025,NA,stationary,NA,NA,eDNA,water,M1,marine,150,active,0.22,1,NA,NA,Sterivex,3,Summer,36.74166667,-122.0268333,150,deep,Jul.25,150,TRUE,150,0,34.07131411,9.440372177,0.010866919,1.799232661,78.29154839,151.1693548,9.423699968,SynchroOSW - Summer2025 - CTD - M1.cnv
20250723-M1-150m-2,NA,07.23.2025,NA,stationary,NA,NA,eDNA,water,M1,marine,150,active,0.22,2,NA,NA,Sterivex,3,Summer,36.74166667,-122.0268333,150,deep,Jul.25,150,TRUE,150,0,34.07131411,9.440372177,0.010866919,1.799232661,78.29154839,151.1693548,9.423699968,SynchroOSW - Summer2025 - CTD - M1.cnv
20250723-M1-150m-3,NA,07.23.2025,NA,stationary,NA,NA,eDNA,water,M1,marine,150,active,0.22,3,NA,NA,Sterivex,3,Summer,36.74166667,-122.0268333,150,deep,Jul.25,150,TRUE,150,0,34.07131411,9.440372177,0.010866919,1.799232661,78.29154839,151.1693548,9.423699968,SynchroOSW - Summer2025 - CTD - M1.cnv
20250723-M1-300m-1,NA,07.23.2025,NA,stationary,NA,NA,eDNA,water,M1,marine,300,active,0.22,1,NA,NA,Sterivex,3,Summer,36.74166667,-122.0268333,300,deep,Jul.25,300,TRUE,295,5,34.18318112,8.260875513,0.011002133,1.064359188,46.30183949,297.2704058,8.23037705,SynchroOSW - Summer2025 - CTD - M1.cnv
20250723-M1-300m-2,NA,07.23.2025,NA,stationary,NA,NA,eDNA,water,M1,marine,300,active,0.22,2,NA,NA,Sterivex,3,Summer,36.74166667,-122.0268333,300,deep,Jul.25,300,TRUE,295,5,34.18318112,8.260875513,0.011002133,1.064359188,46.30183949,297.2704058,8.23037705,SynchroOSW - Summer2025 - CTD - M1.cnv
20250723-M1-300m-3,NA,07.23.2025,NA,stationary,NA,NA,eDNA,water,M1,marine,300,active,0.22,3,NA,NA,Sterivex,3,Summer,36.74166667,-122.0268333,300,deep,Jul.25,300,TRUE,295,5,34.18318112,8.260875513,0.011002133,1.064359188,46.30183949,297.2704058,8.23037705,SynchroOSW - Summer2025 - CTD - M1.cnv
20250723-M1-air-st-A,deployed for 20 mins,07.23.2025,NA,stationary,M1,M1,eDNA,air,M1,marine,0,passive,0.22,1,NA,NA,disk,3,Summer,36.74166667,-122.0268333,0,shallow,Jul.25,0,FALSE,NA,NA,NA,NA,NA,NA,NA,NA,NA,NA
20250723-M1-air-st-B,deployed for 20 mins,07.23.2025,NA,stationary,M1,M1,eDNA,air,M1,marine,0,passive,0.22,2,NA,NA,disk,3,Summer,36.74166667,-122.0268333,0,shallow,Jul.25,0,FALSE,NA,NA,NA,NA,NA,NA,NA,NA,NA,NA
20250723-M1-air-st-C,deployed for 20 mins,07.23.2025,NA,stationary,M1,M1,eDNA,air,M1,marine,0,passive,0.22,3,NA,NA,disk,3,Summer,36.74166667,-122.0268333,0,shallow,Jul.25,0,FALSE,NA,NA,NA,NA,NA,NA,NA,NA,NA,NA
20250723-M1-torp-A,NA,07.23.2025,NA,transition,NA,NA,eDNA,water,M1,marine,0,passive,20,1,NA,NA,disk,3,Summer,36.74166667,-122.0268333,0,shallow,Jul.25,0,FALSE,NA,NA,NA,NA,NA,NA,NA,NA,NA,NA
20250723-M1-torp-B,NA,07.23.2025,NA,transition,NA,NA,eDNA,water,M1,marine,0,passive,20,2,NA,NA,disk,3,Summer,36.74166667,-122.0268333,0,shallow,Jul.25,0,FALSE,NA,NA,NA,NA,NA,NA,NA,NA,NA,NA
20250723-ML-M1-air-A,mainland to M1,07.23.2025,NA,transition,ML,M1,eDNA,air,M1,marine,0,passive,0.22,1,NA,NA,disk,3,Summer,36.74166667,-122.0268333,0,shallow,Jul.25,0,FALSE,NA,NA,NA,NA,NA,NA,NA,NA,NA,NA
20250723-ML-M1-air-B,mainland to M1,07.23.2025,NA,transition,ML,M1,eDNA,air,M1,marine,0,passive,0.22,2,NA,NA,disk,3,Summer,36.74166667,-122.0268333,0,shallow,Jul.25,0,FALSE,NA,NA,NA,NA,NA,NA,NA,NA,NA,NA
20250723-ML-M1-air-C,mainland to M1,07.23.2025,NA,transition,ML,M1,eDNA,air,M1,marine,0,passive,0.22,3,NA,NA,disk,3,Summer,36.74166667,-122.0268333,0,shallow,Jul.25,0,FALSE,NA,NA,NA,NA,NA,NA,NA,NA,NA,NA
20250723-OSWS-010m-1,NA,07.23.2025,NA,stationary,NA,NA,eDNA,water,OSWS,marine,10,active,0.22,1,NA,NA,Sterivex,3,Summer,36.6775,-122.53517,10,shallow,Jul.25,10,TRUE,NA,NA,NA,NA,NA,NA,NA,NA,NA,NA
20250723-OSWS-010m-2,NA,07.23.2025,NA,stationary,NA,NA,eDNA,water,OSWS,marine,150,active,0.22,2,NA,NA,Sterivex,3,Summer,36.6775,-122.53517,150,deep,Jul.25,150,TRUE,NA,NA,NA,NA,NA,NA,NA,NA,NA,NA
20250723-OSWS-010m-3,NA,07.23.2025,NA,stationary,NA,NA,eDNA,water,OSWS,marine,150,active,0.22,3,NA,NA,Sterivex,3,Summer,36.6775,-122.53517,150,deep,Jul.25,150,TRUE,NA,NA,NA,NA,NA,NA,NA,NA,NA,NA
20250723-OSWS-010m-4,NA,07.23.2025,NA,stationary,NA,NA,eDNA,water,OSWS,marine,150,active,0.22,4,NA,NA,Sterivex,3,Summer,36.6775,-122.53517,150,deep,Jul.25,150,TRUE,NA,NA,NA,NA,NA,NA,NA,NA,NA,NA
20250723-OSWS-010m-5,NA,07.23.2025,NA,stationary,NA,NA,eDNA,water,OSWS,marine,300,active,0.22,5,NA,NA,Sterivex,3,Summer,36.6775,-122.53517,300,deep,Jul.25,300,TRUE,NA,NA,NA,NA,NA,NA,NA,NA,NA,NA
20250723-OSWS-010m-6,NA,07.23.2025,NA,stationary,NA,NA,eDNA,water,OSWS,marine,300,active,0.22,6,NA,NA,Sterivex,3,Summer,36.6775,-122.53517,300,deep,Jul.25,300,TRUE,NA,NA,NA,NA,NA,NA,NA,NA,NA,NA
20250723-OSWS-150m-1,NA,07.23.2025,NA,stationary,NA,NA,eDNA,water,OSWS,marine,10,active,0.22,1,NA,NA,Sterivex,3,Summer,36.6775,-122.53517,10,shallow,Jul.25,10,TRUE,NA,NA,NA,NA,NA,NA,NA,NA,NA,NA
20250723-OSWS-150m-2,NA,07.23.2025,NA,stationary,NA,NA,eDNA,water,OSWS,marine,10,active,0.22,2,NA,NA,Sterivex,3,Summer,36.6775,-122.53517,10,shallow,Jul.25,10,TRUE,NA,NA,NA,NA,NA,NA,NA,NA,NA,NA
20250723-OSWS-150m-3,NA,07.23.2025,NA,stationary,NA,NA,eDNA,water,OSWS,marine,10,active,0.22,3,NA,NA,Sterivex,3,Summer,36.6775,-122.53517,10,shallow,Jul.25,10,TRUE,NA,NA,NA,NA,NA,NA,NA,NA,NA,NA
20250723-OSWS-300m-1,NA,07.23.2025,NA,stationary,NA,NA,eDNA,water,OSWS,marine,10,active,0.22,1,NA,NA,Sterivex,3,Summer,36.6775,-122.53517,10,shallow,Jul.25,10,TRUE,NA,NA,NA,NA,NA,NA,NA,NA,NA,NA
20250723-OSWS-300m-2,NA,07.23.2025,NA,stationary,NA,NA,eDNA,water,OSWS,marine,10,active,0.22,3,NA,NA,Sterivex,3,Summer,36.6775,-122.53517,10,shallow,Jul.25,10,TRUE,NA,NA,NA,NA,NA,NA,NA,NA,NA,NA
20250723-OSWS-300m-2-b,duplicate,07.23.2025,NA,stationary,NA,NA,eDNA,water,OSWS,marine,10,active,0.22,4,NA,NA,Sterivex,3,Summer,36.6775,-122.53517,10,shallow,Jul.25,10,TRUE,NA,NA,NA,NA,NA,NA,NA,NA,NA,NA
20250723-OSWS-300m-3,NA,07.23.2025,NA,stationary,NA,NA,eDNA,water,OSWS,marine,10,active,0.22,2,NA,NA,Sterivex,3,Summer,36.6775,-122.53517,10,shallow,Jul.25,10,TRUE,NA,NA,NA,NA,NA,NA,NA,NA,NA,NA
20250723-OSWS-air-1,transition,07.23.2025,NA,transition,M1,OSWS,eDNA,air,OSWS,marine,300,active,0.22,1,NA,NA,Sterivex,3,Summer,36.6775,-122.53517,300,deep,Jul.25,300,FALSE,NA,NA,NA,NA,NA,NA,NA,NA,NA,NA
20250723-OSWS-air-2,transition,07.23.2025,NA,transition,M1,OSWS,eDNA,air,OSWS,marine,0,passive,0.22,2,NA,NA,disk,3,Summer,36.6775,-122.53517,0,shallow,Jul.25,0,FALSE,NA,NA,NA,NA,NA,NA,NA,NA,NA,NA
20250723-OSWS-air-3,transition,07.23.2025,NA,transition,M1,OSWS,eDNA,air,OSWS,marine,0,passive,0.22,3,NA,NA,disk,3,Summer,36.6775,-122.53517,0,shallow,Jul.25,0,FALSE,NA,NA,NA,NA,NA,NA,NA,NA,NA,NA
20250723-OSWS-air-st-1,NA,07.23.2025,NA,stationary,OSWS,OSWS,eDNA,air,OSWS,marine,0,passive,0.22,1,NA,NA,disk,3,Summer,36.6775,-122.53517,0,shallow,Jul.25,0,FALSE,NA,NA,NA,NA,NA,NA,NA,NA,NA,NA
20250723-OSWS-air-st-2,NA,07.23.2025,NA,stationary,OSWS,OSWS,eDNA,air,OSWS,marine,0,passive,0.22,2,NA,NA,disk,3,Summer,36.6775,-122.53517,0,shallow,Jul.25,0,FALSE,NA,NA,NA,NA,NA,NA,NA,NA,NA,NA
20250723-OSWS-air-st-3,NA,07.23.2025,NA,stationary,OSWS,OSWS,eDNA,air,OSWS,marine,0,passive,0.22,3,NA,NA,disk,3,Summer,36.6775,-122.53517,0,shallow,Jul.25,0,FALSE,NA,NA,NA,NA,NA,NA,NA,NA,NA,NA
20250723-OSWS-torp-1,O-Ring not sealed,07.23.2025,NA,transition,NA,NA,eDNA,water,OSWS,marine,0,passive,20,1,NA,NA,disk,3,Summer,36.6775,-122.53517,0,shallow,Jul.25,0,FALSE,NA,NA,NA,NA,NA,NA,NA,NA,NA,NA
20250723-OSWS-torp-2,NA,07.23.2025,NA,transition,NA,NA,eDNA,water,OSWS,marine,0,passive,20,2,NA,NA,disk,3,Summer,36.6775,-122.53517,0,shallow,Jul.25,0,FALSE,NA,NA,NA,NA,NA,NA,NA,NA,NA,NA
20250724-C1-010m-1,NA,07.24.2025,NA,stationary,NA,NA,eDNA,water,C1,marine,10,active,0.22,1,NA,NA,Sterivex,3,Summer,36.8045,-121.858,10,shallow,Jul.25,10,TRUE,10,0,33.6744613,12.79782048,0.173837553,5.504671847,239.7473123,10.0716448,12.79647737,SynchroOSW - Summer2025 - CTD - C1.cnv
20250724-C1-010m-2,NA,07.24.2025,NA,stationary,NA,NA,eDNA,water,C1,marine,10,active,0.22,2,NA,NA,Sterivex,3,Summer,36.8045,-121.858,10,shallow,Jul.25,10,TRUE,10,0,33.6744613,12.79782048,0.173837553,5.504671847,239.7473123,10.0716448,12.79647737,SynchroOSW - Summer2025 - CTD - C1.cnv
20250724-C1-010m-3,NA,07.24.2025,NA,stationary,NA,NA,eDNA,water,C1,marine,10,active,0.22,3,NA,NA,Sterivex,3,Summer,36.8045,-121.858,10,shallow,Jul.25,10,TRUE,10,0,33.6744613,12.79782048,0.173837553,5.504671847,239.7473123,10.0716448,12.79647737,SynchroOSW - Summer2025 - CTD - C1.cnv
20250724-C1-010m-4,Deep Chl max,07.24.2025,NA,stationary,NA,NA,eDNA,water,C1,marine,10,active,0.22,4,NA,NA,Sterivex,3,Summer,36.8045,-121.858,10,shallow,Jul.25,10,TRUE,10,0,33.6744613,12.79782048,0.173837553,5.504671847,239.7473123,10.0716448,12.79647737,SynchroOSW - Summer2025 - CTD - C1.cnv
20250724-C1-010m-5,Deep Chl max,07.24.2025,NA,stationary,NA,NA,eDNA,water,C1,marine,10,active,0.22,5,NA,NA,Sterivex,3,Summer,36.8045,-121.858,10,shallow,Jul.25,10,TRUE,10,0,33.6744613,12.79782048,0.173837553,5.504671847,239.7473123,10.0716448,12.79647737,SynchroOSW - Summer2025 - CTD - C1.cnv
20250724-C1-010m-6,Deep Chl max,07.24.2025,NA,stationary,NA,NA,eDNA,water,C1,marine,10,active,0.22,6,NA,NA,Sterivex,3,Summer,36.8045,-121.858,10,shallow,Jul.25,10,TRUE,10,0,33.6744613,12.79782048,0.173837553,5.504671847,239.7473123,10.0716448,12.79647737,SynchroOSW - Summer2025 - CTD - C1.cnv
20250724-C1-010m-7,NA,07.24.2025,NA,stationary,NA,NA,eDNA,water,C1,marine,10,active,0.22,7,NA,NA,Sterivex,3,Summer,36.8045,-121.858,10,shallow,Jul.25,10,TRUE,10,0,33.6744613,12.79782048,0.173837553,5.504671847,239.7473123,10.0716448,12.79647737,SynchroOSW - Summer2025 - CTD - C1.cnv
20250724-C1-010m-8,NA,07.24.2025,NA,stationary,NA,NA,eDNA,water,C1,marine,10,active,0.22,8,NA,NA,Sterivex,3,Summer,36.8045,-121.858,10,shallow,Jul.25,10,TRUE,10,0,33.6744613,12.79782048,0.173837553,5.504671847,239.7473123,10.0716448,12.79647737,SynchroOSW - Summer2025 - CTD - C1.cnv
20250724-C1-010m-9,NA,07.24.2025,NA,stationary,NA,NA,eDNA,water,C1,marine,10,active,0.22,9,NA,NA,Sterivex,3,Summer,36.8045,-121.858,10,shallow,Jul.25,10,TRUE,10,0,33.6744613,12.79782048,0.173837553,5.504671847,239.7473123,10.0716448,12.79647737,SynchroOSW - Summer2025 - CTD - C1.cnv
20250724-C1-150m-1,NA,07.24.2025,NA,stationary,NA,NA,eDNA,water,C1,marine,150,active,0.22,1,NA,NA,Sterivex,3,Summer,36.8045,-121.858,150,deep,Jul.25,150,TRUE,150,0,34.04120655,9.637498628,0.01467096,2.060451067,89.66591159,151.1615854,9.620613577,SynchroOSW - Summer2025 - CTD - C1.cnv
20250724-C1-150m-2,NA,07.24.2025,NA,stationary,NA,NA,eDNA,water,C1,marine,150,active,0.22,2,NA,NA,Sterivex,3,Summer,36.8045,-121.858,150,deep,Jul.25,150,TRUE,150,0,34.04120655,9.637498628,0.01467096,2.060451067,89.66591159,151.1615854,9.620613577,SynchroOSW - Summer2025 - CTD - C1.cnv
20250724-C1-150m-3,NA,07.24.2025,NA,stationary,NA,NA,eDNA,water,C1,marine,150,active,0.22,3,NA,NA,Sterivex,3,Summer,36.8045,-121.858,150,deep,Jul.25,150,TRUE,150,0,34.04120655,9.637498628,0.01467096,2.060451067,89.66591159,151.1615854,9.620613577,SynchroOSW - Summer2025 - CTD - C1.cnv
20250724-C1-air-st-1,NA,07.24.2025,NA,stationary,C1,C1,eDNA,air,C1,marine,0,passive,0.22,1,NA,NA,disk,3,Summer,36.8045,-121.858,0,shallow,Jul.25,0,FALSE,NA,NA,NA,NA,NA,NA,NA,NA,NA,NA
20250724-C1-air-st-2,NA,07.24.2025,NA,stationary,C1,C1,eDNA,air,C1,marine,0,passive,0.22,2,NA,NA,disk,3,Summer,36.8045,-121.858,0,shallow,Jul.25,0,FALSE,NA,NA,NA,NA,NA,NA,NA,NA,NA,NA
20250724-C1-air-st-3,NA,07.24.2025,NA,stationary,C1,C1,eDNA,air,C1,marine,0,passive,0.22,3,NA,NA,disk,3,Summer,36.8045,-121.858,0,shallow,Jul.25,0,FALSE,NA,NA,NA,NA,NA,NA,NA,NA,NA,NA
20250724-C1-M2-air-1,NA,07.24.2025,NA,transition,C1,M2,eDNA,air,C1,marine,10,passive,0.22,1,NA,NA,disk,3,Summer,36.8045,-121.858,10,shallow,Jul.25,10,FALSE,NA,NA,NA,NA,NA,NA,NA,NA,NA,NA
20250724-C1-M2-air-2,NA,07.24.2025,NA,transition,C1,M2,eDNA,air,C1,marine,0,passive,0.22,2,NA,NA,disk,3,Summer,36.8045,-121.858,0,shallow,Jul.25,0,FALSE,NA,NA,NA,NA,NA,NA,NA,NA,NA,NA
20250724-C1-M2-air-3,NA,07.24.2025,NA,transition,C1,M2,eDNA,air,C1,marine,0,passive,0.22,3,NA,NA,disk,3,Summer,36.8045,-121.858,0,shallow,Jul.25,0,FALSE,NA,NA,NA,NA,NA,NA,NA,NA,NA,NA
20250724-M1-C-torp-A,torp,10.28.2025,NA,transition,M1,C1,eDNA,water,C1,marine,0,passive,0.22,1,3,NA,disk,4,Autumn,36.8,-121.8562,0,shallow,Oct.25,0,FALSE,NA,NA,NA,NA,NA,NA,NA,NA,NA,NA
20250724-M1-C-torp-B,torp,10.28.2025,NA,transition,M1,C1,eDNA,water,C1,marine,0,passive,0.22,2,3,NA,disk,4,Autumn,36.8,-121.8562,0,shallow,Oct.25,0,FALSE,NA,NA,NA,NA,NA,NA,NA,NA,NA,NA
20250724-M2-003m-1,Deep Chl max,07.24.2025,NA,stationary,NA,NA,eDNA,water,M2,marine,3,active,0.22,1,NA,NA,Sterivex,3,Summer,36.7015,-122.3743333,DeepChla,shallow,Jul.25,3,TRUE,6,3,33.68861798,13.21501093,0.480538615,5.682728212,247.5177053,6.044332494,13.2141869,SynchroOSW - Summer2025 - CTD - M2.cnv
20250724-M2-003m-2,Deep Chl max,07.24.2025,NA,stationary,NA,NA,eDNA,water,M2,marine,3,active,0.22,2,NA,NA,Sterivex,3,Summer,36.7015,-122.3743333,DeepChla,shallow,Jul.25,3,TRUE,6,3,33.68861798,13.21501093,0.480538615,5.682728212,247.5177053,6.044332494,13.2141869,SynchroOSW - Summer2025 - CTD - M2.cnv
20250724-M2-003m-3,Deep Chl max,07.24.2025,NA,stationary,NA,NA,eDNA,water,M2,marine,3,active,0.22,3,NA,NA,Sterivex,3,Summer,36.7015,-122.3743333,DeepChla,shallow,Jul.25,3,TRUE,6,3,33.68861798,13.21501093,0.480538615,5.682728212,247.5177053,6.044332494,13.2141869,SynchroOSW - Summer2025 - CTD - M2.cnv
20250724-M2-010m-1,NA,07.24.2025,NA,stationary,NA,NA,eDNA,water,M2,marine,10,active,0.22,1,NA,NA,Sterivex,3,Summer,36.7015,-122.3743333,10,shallow,Jul.25,10,TRUE,10,0,33.68439627,13.08262987,0.438505254,5.533827708,241.0298257,10.07455919,13.08126573,SynchroOSW - Summer2025 - CTD - M2.cnv
20250724-M2-010m-2,NA,07.24.2025,NA,stationary,NA,NA,eDNA,water,M2,marine,10,active,0.22,2,NA,NA,Sterivex,3,Summer,36.7015,-122.3743333,10,shallow,Jul.25,10,TRUE,10,0,33.68439627,13.08262987,0.438505254,5.533827708,241.0298257,10.07455919,13.08126573,SynchroOSW - Summer2025 - CTD - M2.cnv
20250724-M2-010m-3,NA,07.24.2025,NA,stationary,NA,NA,eDNA,water,M2,marine,10,active,0.22,3,NA,NA,Sterivex,3,Summer,36.7015,-122.3743333,10,shallow,Jul.25,10,TRUE,10,0,33.68439627,13.08262987,0.438505254,5.533827708,241.0298257,10.07455919,13.08126573,SynchroOSW - Summer2025 - CTD - M2.cnv
20250724-M2-150m-1,NA,07.24.2025,NA,stationary,NA,NA,eDNA,water,M2,marine,150,active,0.22,1,NA,NA,Sterivex,3,Summer,36.7015,-122.3743333,150,deep,Jul.25,150,TRUE,150,0,34.06683379,9.720881745,0.007953102,1.862811447,81.06293747,151.168936,9.703897028,SynchroOSW - Summer2025 - CTD - M2.cnv
20250724-M2-150m-2,NA,07.24.2025,NA,stationary,NA,NA,eDNA,water,M2,marine,150,active,0.22,2,NA,NA,Sterivex,3,Summer,36.7015,-122.3743333,150,deep,Jul.25,150,TRUE,150,0,34.06683379,9.720881745,0.007953102,1.862811447,81.06293747,151.168936,9.703897028,SynchroOSW - Summer2025 - CTD - M2.cnv
20250724-M2-150m-3,NA,07.24.2025,NA,stationary,NA,NA,eDNA,water,M2,marine,150,active,0.22,3,NA,NA,Sterivex,3,Summer,36.7015,-122.3743333,150,deep,Jul.25,150,TRUE,150,0,34.06683379,9.720881745,0.007953102,1.862811447,81.06293747,151.168936,9.703897028,SynchroOSW - Summer2025 - CTD - M2.cnv
20250724-M2-300m-1,NA,07.24.2025,NA,stationary,NA,NA,eDNA,water,M2,marine,300,active,0.22,1,NA,NA,Sterivex,3,Summer,36.7015,-122.3743333,300,deep,Jul.25,300,TRUE,297,3,34.21593431,8.650096885,0.00802908,1.189159698,51.73369703,299.3336479,8.618499038,SynchroOSW - Summer2025 - CTD - M2.cnv
20250724-M2-300m-2,NA,07.24.2025,NA,stationary,NA,NA,eDNA,water,M2,marine,300,active,0.22,2,NA,NA,Sterivex,3,Summer,36.7015,-122.3743333,300,deep,Jul.25,300,TRUE,297,3,34.21593431,8.650096885,0.00802908,1.189159698,51.73369703,299.3336479,8.618499038,SynchroOSW - Summer2025 - CTD - M2.cnv
20250724-M2-300m-3,NA,07.24.2025,NA,stationary,NA,NA,eDNA,water,M2,marine,300,active,0.22,3,NA,NA,Sterivex,3,Summer,36.7015,-122.3743333,300,deep,Jul.25,300,TRUE,297,3,34.21593431,8.650096885,0.00802908,1.189159698,51.73369703,299.3336479,8.618499038,SynchroOSW - Summer2025 - CTD - M2.cnv
20250724-M2-air-st-1,NA,07.24.2025,NA,stationary,M2,M2,eDNA,air,M2,marine,0,active,0.22,1,NA,NA,Sterivex,3,Summer,36.7015,-122.3743333,0,shallow,Jul.25,0,FALSE,NA,NA,NA,NA,NA,NA,NA,NA,NA,NA
20250724-M2-air-st-2,NA,07.24.2025,NA,stationary,M2,NA,eDNA,air,M2,marine,0,active,0.22,2,NA,NA,Sterivex,3,Summer,36.7015,-122.3743333,0,shallow,Jul.25,0,FALSE,NA,NA,NA,NA,NA,NA,NA,NA,NA,NA
20250724-M2-air-st-3,NA,07.24.2025,NA,stationary,M2,M2,eDNA,air,M2,marine,0,active,0.22,3,NA,NA,Sterivex,3,Summer,36.7015,-122.3743333,0,shallow,Jul.25,0,FALSE,NA,NA,NA,NA,NA,NA,NA,NA,NA,NA
20250724-M2-torp-A,NA,07.24.2025,NA,transition,NA,NA,eDNA,water,M2,marine,0,passive,20,1,3,NA,disk,3,Summer,36.7015,-122.3743333,0,shallow,Jul.25,0,FALSE,NA,NA,NA,NA,NA,NA,NA,NA,NA,NA
20250724-M2-torp-B,NA,07.24.2025,NA,transition,NA,NA,eDNA,water,M2,marine,0,passive,20,2,3,NA,disk,3,Summer,36.7015,-122.3743333,0,shallow,Jul.25,0,FALSE,NA,NA,NA,NA,NA,NA,NA,NA,NA,NA
20250724-MARS-010m-1,NA,07.24.2025,NA,stationary,NA,NA,eDNA,water,MARS,marine,10,active,0.22,1,NA,NA,Sterivex,3,Summer,36.743,-122.1068333,10,shallow,Jul.25,10,TRUE,10,0,33.68832623,14.48379408,0.591756734,6.730529772,293.2324511,10.06177215,14.48233203,SynchroOSW - Summer2025 - CTD - MARS.cnv
20250724-MARS-010m-2,NA,07.24.2025,NA,stationary,NA,NA,eDNA,water,MARS,marine,10,active,0.22,2,NA,NA,Sterivex,3,Summer,36.743,-122.1068333,10,shallow,Jul.25,10,TRUE,10,0,33.68832623,14.48379408,0.591756734,6.730529772,293.2324511,10.06177215,14.48233203,SynchroOSW - Summer2025 - CTD - MARS.cnv
20250724-MARS-010m-3,NA,07.24.2025,NA,stationary,NA,NA,eDNA,water,MARS,marine,10,active,0.22,3,NA,NA,Sterivex,3,Summer,36.743,-122.1068333,10,shallow,Jul.25,10,TRUE,10,0,33.68832623,14.48379408,0.591756734,6.730529772,293.2324511,10.06177215,14.48233203,SynchroOSW - Summer2025 - CTD - MARS.cnv
20250724-MARS-014m-1,Deep Chl max,07.24.2025,NA,stationary,NA,NA,eDNA,water,MARS,marine,14,active,0.22,1,NA,NA,Sterivex,3,Summer,36.743,-122.1068333,DeepChla,shallow,Jul.25,14,TRUE,14,0,33.70406481,13.99409954,0.681132861,6.401017897,278.8476633,14.09807887,13.99209891,SynchroOSW - Summer2025 - CTD - MARS.cnv
20250724-MARS-014m-2,Deep Chl max,07.24.2025,NA,stationary,NA,NA,eDNA,water,MARS,marine,14,active,0.22,2,NA,NA,Sterivex,3,Summer,36.743,-122.1068333,DeepChla,shallow,Jul.25,14,TRUE,14,0,33.70406481,13.99409954,0.681132861,6.401017897,278.8476633,14.09807887,13.99209891,SynchroOSW - Summer2025 - CTD - MARS.cnv
20250724-MARS-014m-3,Deep Chl max,07.24.2025,NA,stationary,NA,NA,eDNA,water,MARS,marine,14,active,0.22,3,NA,NA,Sterivex,3,Summer,36.743,-122.1068333,DeepChla,shallow,Jul.25,14,TRUE,14,0,33.70406481,13.99409954,0.681132861,6.401017897,278.8476633,14.09807887,13.99209891,SynchroOSW - Summer2025 - CTD - MARS.cnv
20250724-MARS-150m-1,NA,07.24.2025,NA,stationary,NA,NA,eDNA,water,MARS,marine,150,active,0.22,1,NA,NA,Sterivex,3,Summer,36.743,-122.1068333,150,deep,Jul.25,150,TRUE,150,0,34.08129939,9.60422697,0.007903462,1.800274747,78.33818586,151.1656566,9.587369656,SynchroOSW - Summer2025 - CTD - MARS.cnv
20250724-MARS-150m-2,NA,07.24.2025,NA,stationary,NA,NA,eDNA,water,MARS,marine,150,active,0.22,2,NA,NA,Sterivex,3,Summer,36.743,-122.1068333,150,deep,Jul.25,150,TRUE,150,0,34.08129939,9.60422697,0.007903462,1.800274747,78.33818586,151.1656566,9.587369656,SynchroOSW - Summer2025 - CTD - MARS.cnv
20250724-MARS-150m-3,NA,07.24.2025,NA,stationary,NA,NA,eDNA,water,MARS,marine,150,active,0.22,3,NA,NA,Sterivex,3,Summer,36.743,-122.1068333,150,deep,Jul.25,150,TRUE,150,0,34.08129939,9.60422697,0.007903462,1.800274747,78.33818586,151.1656566,9.587369656,SynchroOSW - Summer2025 - CTD - MARS.cnv
20250724-MARS-300m-1,NA,07.24.2025,NA,stationary,NA,NA,eDNA,water,MARS,marine,300,active,0.22,1,NA,NA,Sterivex,3,Summer,36.743,-122.1068333,300,deep,Jul.25,300,TRUE,295,5,34.20822118,8.777791982,0.007696576,1.217687897,52.97708472,297.4039334,8.74612271,SynchroOSW - Summer2025 - CTD - MARS.cnv
20250724-MARS-300m-2,NA,07.24.2025,NA,stationary,NA,NA,eDNA,water,MARS,marine,300,active,0.22,2,NA,NA,Sterivex,3,Summer,36.743,-122.1068333,300,deep,Jul.25,300,TRUE,295,5,34.20822118,8.777791982,0.007696576,1.217687897,52.97708472,297.4039334,8.74612271,SynchroOSW - Summer2025 - CTD - MARS.cnv
20250724-MARS-300m-3,NA,07.24.2025,NA,stationary,NA,NA,eDNA,water,MARS,marine,300,active,0.22,3,NA,NA,Sterivex,3,Summer,36.743,-122.1068333,300,deep,Jul.25,300,TRUE,295,5,34.20822118,8.777791982,0.007696576,1.217687897,52.97708472,297.4039334,8.74612271,SynchroOSW - Summer2025 - CTD - MARS.cnv
20250724-MARS-air-st-1,NA,07.24.2025,NA,stationary,MARS,MARS,eDNA,air,MARS,marine,0,NA,0.22,1,NA,NA,disk,3,Summer,36.743,-122.1068333,0,shallow,Jul.25,0,FALSE,NA,NA,NA,NA,NA,NA,NA,NA,NA,NA
20250724-MARS-air-st-2,NA,07.24.2025,NA,stationary,MARS,MARS,eDNA,air,MARS,marine,0,NA,0.22,2,NA,NA,disk,3,Summer,36.743,-122.1068333,0,shallow,Jul.25,0,FALSE,NA,NA,NA,NA,NA,NA,NA,NA,NA,NA
20250724-MARS-air-st-3,NA,07.24.2025,NA,stationary,MARS,MARS,eDNA,air,MARS,marine,0,NA,0.22,3,NA,NA,disk,3,Summer,36.743,-122.1068333,0,shallow,Jul.25,0,FALSE,NA,NA,NA,NA,NA,NA,NA,NA,NA,NA
20250724-MARS-torp-A,NA,07.24.2025,NA,transition,NA,NA,eDNA,water,MARS,marine,0,passive,20,1,3,NA,disk,3,Summer,36.743,-122.1068333,0,shallow,Jul.25,0,FALSE,NA,NA,NA,NA,NA,NA,NA,NA,NA,NA
20250724-MARS-torp-B,NA,07.24.2025,NA,transition,NA,NA,eDNA,water,MARS,marine,0,passive,20,1,3,NA,disk,3,Summer,36.743,-122.1068333,0,shallow,Jul.25,0,FALSE,NA,NA,NA,NA,NA,NA,NA,NA,NA,NA
20251027-ES-torp1-A,torp,10.27.2025,14:40:00,transition,NA,NA,eDNA,water,Elkhorn Slough,estuary,0,passive,20,1,1,NA,disk,4,Autumn,36.8105,-121.7827,0,shallow,Oct.25,0,FALSE,NA,NA,NA,NA,NA,NA,NA,NA,NA,NA
20251027-ES-torp1-B,torp,10.27.2025,14:40:00,transition,NA,NA,eDNA,water,Elkhorn Slough,estuary,0,passive,20,2,1,NA,disk,4,Autumn,36.8105,-121.7827,0,shallow,Oct.25,0,FALSE,NA,NA,NA,NA,NA,NA,NA,NA,NA,NA
20251027-ES-torp1-C,torp,10.27.2025,14:40:00,transition,NA,NA,eDNA,water,Elkhorn Slough,estuary,0,passive,20,1,1,NA,disk,4,Autumn,36.8105,-121.7827,0,shallow,Oct.25,0,FALSE,NA,NA,NA,NA,NA,NA,NA,NA,NA,NA
20251027-ES-torp1-D,torp,10.27.2025,14:40:00,transition,NA,NA,eDNA,water,Elkhorn Slough,estuary,0,passive,20,2,1,NA,disk,4,Autumn,36.8105,-121.7827,0,shallow,Oct.25,0,FALSE,NA,NA,NA,NA,NA,NA,NA,NA,NA,NA
20251027-ES-torp3-A,torp,10.27.2025,14:40:00,transition,NA,NA,eDNA,water,Elkhorn Slough,estuary,0,passive,20,1,3,NA,disk,4,Autumn,36.8105,-121.7827,0,shallow,Oct.25,0,FALSE,NA,NA,NA,NA,NA,NA,NA,NA,NA,NA
20251027-ES-torp3-B,torp,10.27.2025,14:40:00,transition,NA,NA,eDNA,water,Elkhorn Slough,estuary,0,passive,20,2,3,NA,disk,4,Autumn,36.8105,-121.7827,0,shallow,Oct.25,0,FALSE,NA,NA,NA,NA,NA,NA,NA,NA,NA,NA
20251027-ES26a,NA,10.27.2025,15:00:00,stationary,NA,NA,eDNA,water,Elkhorn Slough,estuary,0,active,0.22,1,NA,19,Sterivex,4,Autumn,36.8105,-121.7827,0,shallow,Oct.25,0,FALSE,NA,NA,NA,NA,NA,NA,NA,NA,NA,NA
20251027-ES26b,NA,10.27.2025,15:00:00,stationary,NA,NA,eDNA,water,Elkhorn Slough,estuary,0,active,0.22,2,NA,19,Sterivex,4,Autumn,36.8105,-121.7827,0,shallow,Oct.25,0,FALSE,NA,NA,NA,NA,NA,NA,NA,NA,NA,NA
20251027-ES26c,NA,10.27.2025,15:00:00,stationary,NA,NA,eDNA,water,Elkhorn Slough,estuary,0,active,0.22,3,NA,19,Sterivex,4,Autumn,36.8105,-121.7827,0,shallow,Oct.25,0,FALSE,NA,NA,NA,NA,NA,NA,NA,NA,NA,NA
20251027-ES27a,NA,10.27.2025,15:00:00,stationary,NA,NA,eDNA,water,Elkhorn Slough,estuary,0,active,0.22,1,NA,20,Sterivex,4,Autumn,36.8105,-121.7827,0,shallow,Oct.25,0,FALSE,NA,NA,NA,NA,NA,NA,NA,NA,NA,NA
20251027-ES27b,NA,10.27.2025,15:00:00,stationary,NA,NA,eDNA,water,Elkhorn Slough,estuary,0,active,0.22,2,NA,20,Sterivex,4,Autumn,36.8105,-121.7827,0,shallow,Oct.25,0,FALSE,NA,NA,NA,NA,NA,NA,NA,NA,NA,NA
20251027-ES27c,NA,10.27.2025,15:00:00,stationary,NA,NA,eDNA,water,Elkhorn Slough,estuary,0,active,0.22,3,NA,20,Sterivex,4,Autumn,36.8105,-121.7827,0,shallow,Oct.25,0,FALSE,NA,NA,NA,NA,NA,NA,NA,NA,NA,NA
20251027-ES28a,NA,10.27.2025,15:00:00,stationary,NA,NA,eDNA,water,Elkhorn Slough,estuary,0,active,0.22,1,NA,21,Sterivex,4,Autumn,36.8105,-121.7827,0,shallow,Oct.25,0,FALSE,NA,NA,NA,NA,NA,NA,NA,NA,NA,NA
20251027-ES28b,NA,10.27.2025,15:00:00,stationary,NA,NA,eDNA,water,Elkhorn Slough,estuary,0,active,0.22,2,NA,21,Sterivex,4,Autumn,36.8105,-121.7827,0,shallow,Oct.25,0,FALSE,NA,NA,NA,NA,NA,NA,NA,NA,NA,NA
20251027-ES28c,NA,10.27.2025,15:00:00,stationary,NA,NA,eDNA,water,Elkhorn Slough,estuary,0,active,0.22,3,NA,21,Sterivex,4,Autumn,36.8105,-121.7827,0,shallow,Oct.25,0,FALSE,NA,NA,NA,NA,NA,NA,NA,NA,NA,NA
20251027-ES29a,NA,10.27.2025,15:00:00,stationary,NA,NA,eDNA,water,Elkhorn Slough,estuary,0,active,0.22,1,NA,22,Sterivex,4,Autumn,36.8105,-121.7827,0,shallow,Oct.25,0,FALSE,NA,NA,NA,NA,NA,NA,NA,NA,NA,NA
20251027-ES29b,NA,10.27.2025,15:00:00,stationary,NA,NA,eDNA,water,Elkhorn Slough,estuary,0,active,0.22,2,NA,22,Sterivex,4,Autumn,36.8105,-121.7827,0,shallow,Oct.25,0,FALSE,NA,NA,NA,NA,NA,NA,NA,NA,NA,NA
20251027-ES29c,NA,10.27.2025,15:00:00,stationary,NA,NA,eDNA,water,Elkhorn Slough,estuary,0,active,0.22,3,NA,22,Sterivex,4,Autumn,36.8105,-121.7827,0,shallow,Oct.25,0,FALSE,NA,NA,NA,NA,NA,NA,NA,NA,NA,NA
20252810-C1-010m-1,NA,10.28.2025,NA,stationary,NA,NA,eDNA,water,C1,marine,10,active,0.22,1,NA,NA,Sterivex,4,Autumn,36.8,-121.8562,10,shallow,Oct.25,10,TRUE,10,0,33.36580504,14.67806317,0.45959806,5.514519345,240.3241542,10.07455919,14.67658965,SynchroOSW - Fall 2025 - c1.cnv
20252810-C1-010m-2,NA,10.28.2025,NA,stationary,NA,NA,eDNA,water,C1,marine,10,active,0.22,2,NA,NA,Sterivex,4,Autumn,36.8,-121.8562,10,shallow,Oct.25,10,TRUE,10,0,33.36580504,14.67806317,0.45959806,5.514519345,240.3241542,10.07455919,14.67658965,SynchroOSW - Fall 2025 - c1.cnv
20252810-C1-010m-3,NA,10.28.2025,NA,stationary,NA,NA,eDNA,water,C1,marine,10,active,0.22,3,NA,NA,Sterivex,4,Autumn,36.8,-121.8562,10,shallow,Oct.25,10,TRUE,10,0,33.36580504,14.67806317,0.45959806,5.514519345,240.3241542,10.07455919,14.67658965,SynchroOSW - Fall 2025 - c1.cnv
20252810-C1-010m-4,Deep Chl max,10.28.2025,NA,stationary,NA,NA,eDNA,water,C1,marine,10,active,0.22,1,NA,NA,Sterivex,4,Autumn,36.8,-121.8562,10,shallow,Oct.25,10,TRUE,10,0,33.36580504,14.67806317,0.45959806,5.514519345,240.3241542,10.07455919,14.67658965,SynchroOSW - Fall 2025 - c1.cnv
20252810-C1-010m-5,Deep Chl max,10.28.2025,NA,stationary,NA,NA,eDNA,water,C1,marine,10,active,0.22,2,NA,NA,Sterivex,4,Autumn,36.8,-121.8562,10,shallow,Oct.25,10,TRUE,10,0,33.36580504,14.67806317,0.45959806,5.514519345,240.3241542,10.07455919,14.67658965,SynchroOSW - Fall 2025 - c1.cnv
20252810-C1-010m-6,Deep Chl max,10.28.2025,NA,stationary,NA,NA,eDNA,water,C1,marine,10,active,0.22,3,NA,NA,Sterivex,4,Autumn,36.8,-121.8562,10,shallow,Oct.25,10,TRUE,10,0,33.36580504,14.67806317,0.45959806,5.514519345,240.3241542,10.07455919,14.67658965,SynchroOSW - Fall 2025 - c1.cnv
20252810-C1-010m-7,NA,10.28.2025,NA,stationary,NA,NA,eDNA,water,C1,marine,10,active,0.22,1,NA,NA,Sterivex,4,Autumn,36.8,-121.8562,10,shallow,Oct.25,10,TRUE,10,0,33.36580504,14.67806317,0.45959806,5.514519345,240.3241542,10.07455919,14.67658965,SynchroOSW - Fall 2025 - c1.cnv
20252810-C1-010m-8,NA,10.28.2025,NA,stationary,NA,NA,eDNA,water,C1,marine,10,active,0.22,2,NA,NA,Sterivex,4,Autumn,36.8,-121.8562,10,shallow,Oct.25,10,TRUE,10,0,33.36580504,14.67806317,0.45959806,5.514519345,240.3241542,10.07455919,14.67658965,SynchroOSW - Fall 2025 - c1.cnv
20252810-C1-010m-9,NA,10.28.2025,NA,stationary,NA,NA,eDNA,water,C1,marine,10,active,0.22,3,NA,NA,Sterivex,4,Autumn,36.8,-121.8562,10,shallow,Oct.25,10,TRUE,10,0,33.36580504,14.67806317,0.45959806,5.514519345,240.3241542,10.07455919,14.67658965,SynchroOSW - Fall 2025 - c1.cnv
20252810-C1-150m-1,NA,10.28.2025,NA,stationary,NA,NA,eDNA,water,C1,marine,150,active,0.22,1,NA,NA,Sterivex,4,Autumn,36.8,-121.8562,150,deep,Oct.25,150,TRUE,146,4,33.87334113,9.835484677,0.010929165,2.159743145,93.99958871,147.1370968,9.818874001,SynchroOSW - Fall 2025 - c1.cnv
20252810-C1-150m-2,NA,10.28.2025,NA,stationary,NA,NA,eDNA,water,C1,marine,150,active,0.22,2,NA,NA,Sterivex,4,Autumn,36.8,-121.8562,150,deep,Oct.25,150,TRUE,146,4,33.87334113,9.835484677,0.010929165,2.159743145,93.99958871,147.1370968,9.818874001,SynchroOSW - Fall 2025 - c1.cnv
20252810-C1-150m-3,NA,10.28.2025,NA,stationary,NA,NA,eDNA,water,C1,marine,150,active,0.22,3,NA,NA,Sterivex,4,Autumn,36.8,-121.8562,150,deep,Oct.25,150,TRUE,146,4,33.87334113,9.835484677,0.010929165,2.159743145,93.99958871,147.1370968,9.818874001,SynchroOSW - Fall 2025 - c1.cnv
20252810-C1-air-st-1,NA,10.28.2025,NA,stationary,C1,C1,eDNA,air,C1,marine,0,passive,0.22,1,NA,NA,disk,4,Autumn,36.8,-121.8562,0,shallow,Oct.25,0,FALSE,NA,NA,NA,NA,NA,NA,NA,NA,NA,NA
20252810-C1-air-st-2,NA,10.28.2025,NA,stationary,C1,C1,eDNA,air,C1,marine,0,passive,0.22,2,NA,NA,disk,4,Autumn,36.8,-121.8562,0,shallow,Oct.25,0,FALSE,NA,NA,NA,NA,NA,NA,NA,NA,NA,NA
20252810-C1-air-st-3,NA,10.28.2025,NA,stationary,C1,C1,eDNA,air,C1,marine,0,passive,0.22,3,NA,NA,disk,4,Autumn,36.8,-121.8562,0,shallow,Oct.25,0,FALSE,NA,NA,NA,NA,NA,NA,NA,NA,NA,NA
20252910-M1-010M-1,NA,10.28.2025,NA,stationary,NA,NA,eDNA,water,M1,marine,10,active,0.22,1,NA,NA,Sterivex,4,Autumn,36.7502,-122.0495,10,shallow,Oct.25,10,TRUE,10,0,33.3625592,16.07567298,0.058899072,4.929355789,214.8866767,10.07418546,16.07410146,SynchroOSW - Fall 2025 - m1.cnv
20252910-M1-010M-2,NA,10.28.2025,NA,stationary,NA,NA,eDNA,water,M1,marine,10,active,0.22,2,NA,NA,Sterivex,4,Autumn,36.7502,-122.0495,10,shallow,Oct.25,10,TRUE,10,0,33.3625592,16.07567298,0.058899072,4.929355789,214.8866767,10.07418546,16.07410146,SynchroOSW - Fall 2025 - m1.cnv
20252910-M1-010M-3,NA,10.28.2025,NA,stationary,NA,NA,eDNA,water,M1,marine,10,active,0.22,3,NA,NA,Sterivex,4,Autumn,36.7502,-122.0495,10,shallow,Oct.25,10,TRUE,10,0,33.3625592,16.07567298,0.058899072,4.929355789,214.8866767,10.07418546,16.07410146,SynchroOSW - Fall 2025 - m1.cnv
20252910-M1-015m-1,Deep Chl max,10.28.2025,NA,stationary,NA,NA,eDNA,water,M1,marine,15,active,0.22,1,NA,NA,Sterivex,4,Autumn,36.7502,-122.0495,DeepChla,shallow,Oct.25,15,TRUE,15,0,33.3555394,15.98538549,0.065064514,4.937472393,215.2365809,15.11234257,15.98303751,SynchroOSW - Fall 2025 - m1.cnv
20252910-M1-015m-2,Deep Chl max,10.28.2025,NA,stationary,NA,NA,eDNA,water,M1,marine,15,active,0.22,2,NA,NA,Sterivex,4,Autumn,36.7502,-122.0495,DeepChla,shallow,Oct.25,15,TRUE,15,0,33.3555394,15.98538549,0.065064514,4.937472393,215.2365809,15.11234257,15.98303751,SynchroOSW - Fall 2025 - m1.cnv
20252910-M1-015m-3,Deep Chl max,10.28.2025,NA,stationary,NA,NA,eDNA,water,M1,marine,15,active,0.22,3,NA,NA,Sterivex,4,Autumn,36.7502,-122.0495,DeepChla,shallow,Oct.25,15,TRUE,15,0,33.3555394,15.98538549,0.065064514,4.937472393,215.2365809,15.11234257,15.98303751,SynchroOSW - Fall 2025 - m1.cnv
20252910-M1-150m-1,NA,10.28.2025,NA,stationary,NA,NA,eDNA,water,M1,marine,150,active,0.22,1,NA,NA,Sterivex,4,Autumn,36.7502,-122.0495,150,deep,Oct.25,150,TRUE,150,0,33.9535103,9.44397264,0.011185243,2.180048713,94.87261232,151.1680969,9.427322987,SynchroOSW - Fall 2025 - m1.cnv
20252910-M1-150m-2,NA,10.28.2025,NA,stationary,NA,NA,eDNA,water,M1,marine,150,active,0.22,2,NA,NA,Sterivex,4,Autumn,36.7502,-122.0495,150,deep,Oct.25,150,TRUE,150,0,33.9535103,9.44397264,0.011185243,2.180048713,94.87261232,151.1680969,9.427322987,SynchroOSW - Fall 2025 - m1.cnv
20252910-M1-150m-3,NA,10.28.2025,NA,stationary,NA,NA,eDNA,water,M1,marine,150,active,0.22,3,NA,NA,Sterivex,4,Autumn,36.7502,-122.0495,150,deep,Oct.25,150,TRUE,150,0,33.9535103,9.44397264,0.011185243,2.180048713,94.87261232,151.1680969,9.427322987,SynchroOSW - Fall 2025 - m1.cnv
20252910-M1-300m-1,NA,10.28.2025,NA,stationary,NA,NA,eDNA,water,M1,marine,300,active,0.22,1,NA,NA,Sterivex,4,Autumn,36.7502,-122.0495,300,deep,Oct.25,300,TRUE,297,3,34.12280066,7.760516305,0.010949881,1.192553811,51.87858304,299.4225139,7.730945118,SynchroOSW - Fall 2025 - m1.cnv
20252910-M1-300m-2,NA,10.28.2025,NA,stationary,NA,NA,eDNA,water,M1,marine,300,active,0.22,2,NA,NA,Sterivex,4,Autumn,36.7502,-122.0495,300,deep,Oct.25,300,TRUE,297,3,34.12280066,7.760516305,0.010949881,1.192553811,51.87858304,299.4225139,7.730945118,SynchroOSW - Fall 2025 - m1.cnv
20252910-M1-300m-3,NA,10.28.2025,NA,stationary,NA,NA,eDNA,water,M1,marine,300,active,0.22,3,NA,NA,Sterivex,4,Autumn,36.7502,-122.0495,300,deep,Oct.25,300,TRUE,297,3,34.12280066,7.760516305,0.010949881,1.192553811,51.87858304,299.4225139,7.730945118,SynchroOSW - Fall 2025 - m1.cnv
20252910-M1-air-st-A,deployed for 20 mins,10.28.2025,NA,stationary,M1,M1,eDNA,air,M1,marine,0,passive,0.22,1,NA,NA,disk,4,Autumn,36.7502,-122.0495,0,shallow,Oct.25,0,FALSE,NA,NA,NA,NA,NA,NA,NA,NA,NA,NA
20252910-M1-air-st-B,deployed for 20 mins,10.28.2025,NA,stationary,M1,M1,eDNA,air,M1,marine,0,passive,0.22,2,NA,NA,disk,4,Autumn,36.7502,-122.0495,0,shallow,Oct.25,0,FALSE,NA,NA,NA,NA,NA,NA,NA,NA,NA,NA
20252910-M1-air-st-C,deployed for 20 mins,10.28.2025,NA,stationary,M1,M1,eDNA,air,M1,marine,0,passive,0.22,3,NA,NA,disk,4,Autumn,36.7502,-122.0495,0,shallow,Oct.25,0,FALSE,NA,NA,NA,NA,NA,NA,NA,NA,NA,NA
20252910-M1-torp-A,torp,10.28.2025,NA,transition,NA,NA,eDNA,water,M1,marine,0,passive,20,1,NA,NA,disk,4,Autumn,36.7502,-122.0495,0,shallow,Oct.25,0,FALSE,NA,NA,NA,NA,NA,NA,NA,NA,NA,NA
20252910-M1-torp-B,torp,10.28.2025,NA,transition,NA,NA,eDNA,water,M1,marine,0,passive,20,2,NA,NA,disk,4,Autumn,36.7502,-122.0495,0,shallow,Oct.25,0,FALSE,NA,NA,NA,NA,NA,NA,NA,NA,NA,NA
20252910-M2-010m-1,NA,10.29.2025,NA,stationary,NA,NA,eDNA,water,M2,marine,10,active,0.22,1,NA,NA,Sterivex,4,Autumn,36.713,-122.304,10,shallow,Oct.25,10,TRUE,10,0,33.39149254,15.92240922,0.060411925,5.229843426,227.9750287,10.07455919,15.92084795,SynchroOSW - Fall 2025 - M2.cnv
20252910-M2-010m-2,NA,10.29.2025,NA,stationary,NA,NA,eDNA,water,M2,marine,10,active,0.22,2,NA,NA,Sterivex,4,Autumn,36.713,-122.304,10,shallow,Oct.25,10,TRUE,10,0,33.39149254,15.92240922,0.060411925,5.229843426,227.9750287,10.07455919,15.92084795,SynchroOSW - Fall 2025 - M2.cnv
20252910-M2-010m-3,NA,10.29.2025,NA,stationary,NA,NA,eDNA,water,M2,marine,10,active,0.22,3,NA,NA,Sterivex,4,Autumn,36.713,-122.304,10,shallow,Oct.25,10,TRUE,10,0,33.39149254,15.92240922,0.060411925,5.229843426,227.9750287,10.07455919,15.92084795,SynchroOSW - Fall 2025 - M2.cnv
20252910-M2-030m-1,Deep Chl max,10.29.2025,NA,stationary,NA,NA,eDNA,water,M2,marine,3,active,0.22,1,NA,NA,Sterivex,4,Autumn,36.713,-122.304,DeepChla,shallow,Oct.25,3,TRUE,6,3,33.39140887,15.94612071,0.045533398,5.221353703,227.6055718,6.044332494,15.94518313,SynchroOSW - Fall 2025 - M2.cnv
20252910-M2-030m-2,Deep Chl max,10.29.2025,NA,stationary,NA,NA,eDNA,water,M2,marine,3,active,0.22,2,NA,NA,Sterivex,4,Autumn,36.713,-122.304,DeepChla,shallow,Oct.25,3,TRUE,6,3,33.39140887,15.94612071,0.045533398,5.221353703,227.6055718,6.044332494,15.94518313,SynchroOSW - Fall 2025 - M2.cnv
20252910-M2-030m-3,Deep Chl max,10.29.2025,NA,stationary,NA,NA,eDNA,water,M2,marine,3,active,0.22,3,NA,NA,Sterivex,4,Autumn,36.713,-122.304,DeepChla,shallow,Oct.25,3,TRUE,6,3,33.39140887,15.94612071,0.045533398,5.221353703,227.6055718,6.044332494,15.94518313,SynchroOSW - Fall 2025 - M2.cnv
20252910-M2-150m-1,torp,10.29.2025,NA,stationary,NA,NA,eDNA,water,M2,marine,150,active,0.22,1,NA,NA,Sterivex,4,Autumn,36.713,-122.304,150,deep,Oct.25,150,TRUE,150,0,33.96172016,9.363008468,0.01043871,2.279905242,99.21439113,151.1693548,9.346447642,SynchroOSW - Fall 2025 - M2.cnv
20252910-M2-150m-2,torp,10.29.2025,NA,stationary,NA,NA,eDNA,water,M2,marine,150,active,0.22,2,NA,NA,Sterivex,4,Autumn,36.713,-122.304,150,deep,Oct.25,150,TRUE,150,0,33.96172016,9.363008468,0.01043871,2.279905242,99.21439113,151.1693548,9.346447642,SynchroOSW - Fall 2025 - M2.cnv
20252910-M2-150m-3,NA,10.29.2025,NA,stationary,NA,NA,eDNA,water,M2,marine,150,active,0.22,3,NA,NA,Sterivex,4,Autumn,36.713,-122.304,150,deep,Oct.25,150,TRUE,150,0,33.96172016,9.363008468,0.01043871,2.279905242,99.21439113,151.1693548,9.346447642,SynchroOSW - Fall 2025 - M2.cnv
20252910-M2-300m-1,NA,10.29.2025,NA,stationary,NA,NA,eDNA,water,M2,marine,300,active,0.22,1,NA,NA,Sterivex,4,Autumn,36.713,-122.304,300,deep,Oct.25,300,TRUE,291,9,34.16513805,8.135283027,0.010933345,1.203739604,52.36820226,293.2786421,8.10548594,SynchroOSW - Fall 2025 - M2.cnv
20252910-M2-300m-2,NA,10.29.2025,NA,stationary,NA,NA,eDNA,water,M2,marine,300,active,0.22,2,NA,NA,Sterivex,4,Autumn,36.713,-122.304,300,deep,Oct.25,300,TRUE,291,9,34.16513805,8.135283027,0.010933345,1.203739604,52.36820226,293.2786421,8.10548594,SynchroOSW - Fall 2025 - M2.cnv
20252910-M2-300m-3,NA,10.29.2025,NA,stationary,NA,NA,eDNA,water,M2,marine,300,active,0.22,3,NA,NA,Sterivex,4,Autumn,36.713,-122.304,300,deep,Oct.25,300,TRUE,291,9,34.16513805,8.135283027,0.010933345,1.203739604,52.36820226,293.2786421,8.10548594,SynchroOSW - Fall 2025 - M2.cnv
20252910-MARS-010m-1,NA,10.29.2025,NA,stationary,NA,NA,eDNA,water,MARS,marine,10,active,0.22,1,NA,NA,Sterivex,4,Autumn,36.721,-122.1903,10,shallow,Oct.25,10,TRUE,10,0,33.39600373,16.13506272,0.068902171,5.144541662,224.2652257,10.07455919,16.13348659,SynchroOSW - Fall 2025 - mars.cnv
20252910-MARS-010m-2,NA,10.29.2025,NA,stationary,NA,NA,eDNA,water,MARS,marine,10,active,0.22,2,NA,NA,Sterivex,4,Autumn,36.721,-122.1903,10,shallow,Oct.25,10,TRUE,10,0,33.39600373,16.13506272,0.068902171,5.144541662,224.2652257,10.07455919,16.13348659,SynchroOSW - Fall 2025 - mars.cnv
20252910-MARS-010m-3,NA,10.29.2025,NA,stationary,NA,NA,eDNA,water,MARS,marine,10,active,0.22,3,NA,NA,Sterivex,4,Autumn,36.721,-122.1903,10,shallow,Oct.25,10,TRUE,10,0,33.39600373,16.13506272,0.068902171,5.144541662,224.2652257,10.07455919,16.13348659,SynchroOSW - Fall 2025 - mars.cnv
20252910-MARS-020m-1,Deep Chl max,10.29.2025,NA,stationary,NA,NA,eDNA,water,MARS,marine,20,active,0.22,1,NA,NA,Sterivex,4,Autumn,36.721,-122.1903,DeepChla,shallow,Oct.25,20,TRUE,20,0,33.39282106,16.05285063,0.095016869,5.137171486,223.9383814,20.14911839,16.04970906,SynchroOSW - Fall 2025 - mars.cnv
20252910-MARS-020m-2,Deep Chl max,10.29.2025,NA,stationary,NA,NA,eDNA,water,MARS,marine,20,active,0.22,2,NA,NA,Sterivex,4,Autumn,36.721,-122.1903,DeepChla,shallow,Oct.25,20,TRUE,20,0,33.39282106,16.05285063,0.095016869,5.137171486,223.9383814,20.14911839,16.04970906,SynchroOSW - Fall 2025 - mars.cnv
20252910-MARS-020m-3,Deep Chl max,10.29.2025,NA,stationary,NA,NA,eDNA,water,MARS,marine,20,active,0.22,3,NA,NA,Sterivex,4,Autumn,36.721,-122.1903,DeepChla,shallow,Oct.25,20,TRUE,20,0,33.39282106,16.05285063,0.095016869,5.137171486,223.9383814,20.14911839,16.04970906,SynchroOSW - Fall 2025 - mars.cnv
20252910-MARS-150m-1,NA,10.29.2025,NA,stationary,NA,NA,eDNA,water,MARS,marine,150,active,0.22,1,NA,NA,Sterivex,4,Autumn,36.721,-122.1903,150,deep,Oct.25,150,TRUE,150,0,34.01953387,9.337842742,0.009039431,1.89432379,82.4318871,151.1693548,9.321297106,SynchroOSW - Fall 2025 - mars.cnv
20252910-MARS-150m-2,NA,10.29.2025,NA,stationary,NA,NA,eDNA,water,MARS,marine,150,active,0.22,2,NA,NA,Sterivex,4,Autumn,36.721,-122.1903,150,deep,Oct.25,150,TRUE,150,0,34.01953387,9.337842742,0.009039431,1.89432379,82.4318871,151.1693548,9.321297106,SynchroOSW - Fall 2025 - mars.cnv
20252910-MARS-150m-3,NA,10.29.2025,NA,stationary,NA,NA,eDNA,water,MARS,marine,150,active,0.22,3,NA,NA,Sterivex,4,Autumn,36.721,-122.1903,150,deep,Oct.25,150,TRUE,150,0,34.01953387,9.337842742,0.009039431,1.89432379,82.4318871,151.1693548,9.321297106,SynchroOSW - Fall 2025 - mars.cnv
20252910-MARS-300m-1,NA,10.29.2025,NA,stationary,NA,NA,eDNA,water,MARS,marine,300,active,0.22,1,NA,NA,Sterivex,4,Autumn,36.721,-122.1903,300,deep,Oct.25,300,TRUE,295,5,34.10221907,7.821171746,0.010931642,1.444002825,62.81855499,297.4046418,7.791677488,SynchroOSW - Fall 2025 - mars.cnv
20252910-MARS-300m-2,NA,10.29.2025,NA,stationary,NA,NA,eDNA,water,MARS,marine,300,active,0.22,2,NA,NA,Sterivex,4,Autumn,36.721,-122.1903,300,deep,Oct.25,300,TRUE,295,5,34.10221907,7.821171746,0.010931642,1.444002825,62.81855499,297.4046418,7.791677488,SynchroOSW - Fall 2025 - mars.cnv
20252910-MARS-300m-3,NA,10.29.2025,NA,stationary,NA,NA,eDNA,water,MARS,marine,300,active,0.22,3,NA,NA,Sterivex,4,Autumn,36.721,-122.1903,300,deep,Oct.25,300,TRUE,295,5,34.10221907,7.821171746,0.010931642,1.444002825,62.81855499,297.4046418,7.791677488,SynchroOSW - Fall 2025 - mars.cnv
20252910-MARS-air-st-1,NA,10.29.2025,NA,stationary,MARS,MARS,eDNA,air,MARS,marine,0,passive,0.22,1,NA,NA,disk,4,Autumn,36.721,-122.1903,0,shallow,Oct.25,0,FALSE,NA,NA,NA,NA,NA,NA,NA,NA,NA,NA
20252910-MARS-air-st-2,NA,10.29.2025,NA,stationary,MARS,MARS,eDNA,air,MARS,marine,0,passive,0.22,2,NA,NA,disk,4,Autumn,36.721,-122.1903,0,shallow,Oct.25,0,FALSE,NA,NA,NA,NA,NA,NA,NA,NA,NA,NA
20252910-MARS-air-st-3,NA,10.29.2025,NA,stationary,MARS,MARS,eDNA,air,MARS,marine,0,passive,0.22,3,NA,NA,disk,4,Autumn,36.721,-122.1903,0,shallow,Oct.25,0,FALSE,NA,NA,NA,NA,NA,NA,NA,NA,NA,NA
20252910-MARS-M2-air-1,transit MARS to M1,10.29.2025,NA,transition,MARS,M1,eDNA,NA,MARS,NA,NA,NA,0.22,NA,NA,NA,disk,4,Autumn,36.721,-122.1903,NA,NA,Oct.25,NA,FALSE,NA,NA,NA,NA,NA,NA,NA,NA,NA,NA
20252910-MARS-M2-air-1-2,transit MARS to M1,10.29.2025,NA,transition,MARS,M1,eDNA,air,MARS,marine,0,passive,0.22,2,NA,NA,disk,4,Autumn,36.721,-122.1903,0,shallow,Oct.25,0,FALSE,NA,NA,NA,NA,NA,NA,NA,NA,NA,NA
20252910-MARS-M2-air-2,transit MARS to M1,10.29.2025,NA,transition,MARS,M1,eDNA,air,MARS,marine,0,passive,0.22,2,NA,NA,disk,4,Autumn,36.721,-122.1903,0,shallow,Oct.25,0,FALSE,NA,NA,NA,NA,NA,NA,NA,NA,NA,NA
20252910-MARS-M2-air-3,transit MARS to M1,10.29.2025,NA,transition,MARS,M1,eDNA,air,MARS,marine,0,passive,0.22,3,NA,NA,disk,4,Autumn,36.721,-122.1903,0,shallow,Oct.25,0,FALSE,NA,NA,NA,NA,NA,NA,NA,NA,NA,NA
20252910-MARS-torp-A,torp,10.29.2025,NA,transition,NA,NA,eDNA,water,MARS,marine,0,passive,20,1,3,NA,disk,4,Autumn,36.721,-122.1903,0,shallow,Oct.25,0,FALSE,NA,NA,NA,NA,NA,NA,NA,NA,NA,NA
20252910-MARS-torp-B,torp,10.29.2025,NA,transition,NA,NA,eDNA,water,MARS,marine,0,passive,20,2,3,NA,disk,4,Autumn,36.721,-122.1903,0,shallow,Oct.25,0,FALSE,NA,NA,NA,NA,NA,NA,NA,NA,NA,NA
20252910-ML-M1-air-1,mainland to M1,10.28.2025,NA,stationary,ML,M1,eDNA,air,M1,marine,0,passive,0.22,1,NA,NA,disk,4,Autumn,36.7502,-122.0495,0,shallow,Oct.25,0,FALSE,NA,NA,NA,NA,NA,NA,NA,NA,NA,NA
20252910-ML-M1-air-2,mainland to M1,10.28.2025,NA,stationary,ML,M1,eDNA,air,M1,marine,0,passive,0.22,2,NA,NA,disk,4,Autumn,36.7502,-122.0495,0,shallow,Oct.25,0,FALSE,NA,NA,NA,NA,NA,NA,NA,NA,NA,NA
20252910-ML-M1-air-3,mainland to M1,10.28.2025,NA,stationary,ML,M1,eDNA,air,M1,marine,0,passive,0.22,3,NA,NA,disk,4,Autumn,36.7502,-122.0495,0,shallow,Oct.25,0,FALSE,NA,NA,NA,NA,NA,NA,NA,NA,NA,NA
20252910-ML-MARS-air-1,transit ML to MARS,10.29.2025,NA,transition,ML,MARS,eDNA,air,MARS,marine,0,passive,0.22,1,NA,NA,disk,4,Autumn,36.721,-122.1903,0,shallow,Oct.25,0,FALSE,NA,NA,NA,NA,NA,NA,NA,NA,NA,NA
20252910-ML-MARS-air-2,transit ML to MARS,10.29.2025,NA,transition,ML,MARS,eDNA,air,MARS,marine,0,passive,0.22,2,NA,NA,disk,4,Autumn,36.721,-122.1903,0,shallow,Oct.25,0,FALSE,NA,NA,NA,NA,NA,NA,NA,NA,NA,NA
20252910-ML-MARS-air-3,transit ML to MARS,10.29.2025,NA,transition,ML,MARS,eDNA,air,MARS,marine,0,passive,0.22,3,NA,NA,disk,4,Autumn,36.721,-122.1903,0,shallow,Oct.25,0,FALSE,NA,NA,NA,NA,NA,NA,NA,NA,NA,NA
250414-ESe-21a,NA,04.14.2025,NA,stationary,NA,NA,eDNA,water,Elkhorn Slough,estuary,0,active,0.22,2,22,NA,Sterivex,2,Spring,36.8105,-121.7827,0,shallow,Apr.25,0,FALSE,NA,NA,NA,NA,NA,NA,NA,NA,NA,NA
250414-ESe-21b,NA,04.14.2025,NA,stationary,NA,NA,eDNA,water,Elkhorn Slough,estuary,0,active,0.22,3,22,NA,Sterivex,2,Spring,36.8105,-121.7827,0,shallow,Apr.25,0,FALSE,NA,NA,NA,NA,NA,NA,NA,NA,NA,NA
250414-ESe-21c,NA,04.14.2025,NA,stationary,NA,NA,eDNA,water,Elkhorn Slough,estuary,0,active,0.22,1,22,NA,Sterivex,2,Spring,36.8105,-121.7827,0,shallow,Apr.25,0,FALSE,NA,NA,NA,NA,NA,NA,NA,NA,NA,NA
9-14-24-WF,Raksha Blueshark tagging,NA,NA,NA,NA,NA,eDNA,NA,NA,NA,NA,NA,NA,NA,NA,NA,NA,NA,NA,NA,NA,NA,NA,NA,NA,FALSE,NA,NA,NA,NA,NA,NA,NA,NA,NA,NA
9-19-24-WF-1-2,Raksha Blueshark tagging,NA,NA,NA,NA,NA,eDNA,NA,NA,NA,NA,NA,NA,NA,NA,NA,NA,NA,NA,NA,NA,NA,NA,NA,NA,FALSE,NA,NA,NA,NA,NA,NA,NA,NA,NA,NA
9-19-24-WF-2-2,Raksha Blueshark tagging,NA,NA,NA,NA,NA,eDNA,NA,NA,NA,NA,NA,NA,NA,NA,NA,NA,NA,NA,NA,NA,NA,NA,NA,NA,FALSE,NA,NA,NA,NA,NA,NA,NA,NA,NA,NA
MARS-air-A,for whole transit,04.17.2025,NA,stationary,ML,MARS,eDNA,air,MARS,marine,0,passive,0.22,A,NA,NA,disk,2,Spring,36.743,-122.1068333,0,shallow,Apr.25,0,FALSE,NA,NA,NA,NA,NA,NA,NA,NA,NA,NA
MARS-air-B,for whole transit,04.17.2025,NA,stationary,ML,MARs,eDNA,air,MARS,marine,0,passive,0.22,B,NA,NA,disk,2,Spring,36.743,-122.1068333,0,shallow,Apr.25,0,FALSE,NA,NA,NA,NA,NA,NA,NA,NA,NA,NA
MARS-air-C,for whole transit,04.17.2025,NA,stationary,ML,MARS,eDNA,air,MARS,marine,0,passive,0.22,C,NA,NA,disk,2,Spring,36.743,-122.1068333,0,shallow,Apr.25,0,FALSE,NA,NA,NA,NA,NA,NA,NA,NA,NA,NA
MARS-air-st-a,while CTD was in the water,04.17.2025,09:45:00,stationary,MARS,MARS,eDNA,air,MARS,marine,0,passive,0.22,a,NA,NA,disk,2,Spring,36.743,-122.1068333,0,shallow,Apr.25,0,FALSE,NA,NA,NA,NA,NA,NA,NA,NA,NA,NA
MARS-air-st-b,while CTD was in the water,04.17.2025,09:45:00,stationary,MARS,MARS,eDNA,air,MARS,marine,0,passive,0.22,b,NA,NA,disk,2,Spring,36.743,-122.1068333,0,shallow,Apr.25,0,FALSE,NA,NA,NA,NA,NA,NA,NA,NA,NA,NA
MARS-air-st-c,while CTD was in the water,04.17.2025,09:45:00,stationary,MARS,MARS,eDNA,air,MARS,marine,0,passive,0.22,c,NA,NA,disk,2,Spring,36.743,-122.1068333,0,shallow,Apr.25,0,FALSE,NA,NA,NA,NA,NA,NA,NA,NA,NA,NA
COS-CWC22-SockeyeSalmon,tissue,NA,NA,NA,NA,NA,positive,NA,NA,NA,NA,NA,NA,NA,NA,NA,NA,NA,NA,NA,NA,NA,NA,NA,NA,FALSE,NA,NA,NA,NA,NA,NA,NA,NA,NA,NA
COS-RGF-BigEyeTuna,tissue,NA,NA,NA,NA,NA,positive,NA,NA,NA,NA,NA,NA,NA,NA,NA,NA,NA,NA,NA,NA,NA,NA,NA,NA,FALSE,NA,NA,NA,NA,NA,NA,NA,NA,NA,NA
COS-RGF-BlackCod,tissue,NA,NA,NA,NA,NA,positive,NA,NA,NA,NA,NA,NA,NA,NA,NA,NA,NA,NA,NA,NA,NA,NA,NA,NA,FALSE,NA,NA,NA,NA,NA,NA,NA,NA,NA,NA
COS-RGF-CaliforniaHalibut,tissue,NA,NA,NA,NA,NA,positive,NA,NA,NA,NA,NA,NA,NA,NA,NA,NA,NA,NA,NA,NA,NA,NA,NA,NA,FALSE,NA,NA,NA,NA,NA,NA,NA,NA,NA,NA
COS-RGF-Ono-Wahoo,tissue,NA,NA,NA,NA,NA,positive,NA,NA,NA,NA,NA,NA,NA,NA,NA,NA,NA,NA,NA,NA,NA,NA,NA,NA,FALSE,NA,NA,NA,NA,NA,NA,NA,NA,NA,NA
COS-RGF-Sardine,tissue,NA,NA,NA,NA,NA,positive,NA,NA,NA,NA,NA,NA,NA,NA,NA,NA,NA,NA,NA,NA,NA,NA,NA,NA,FALSE,NA,NA,NA,NA,NA,NA,NA,NA,NA,NA
COS-RGF-Swordfish,tissue,NA,NA,NA,NA,NA,positive,NA,NA,NA,NA,NA,NA,NA,NA,NA,NA,NA,NA,NA,NA,NA,NA,NA,NA,FALSE,NA,NA,NA,NA,NA,NA,NA,NA,NA,NA
COS-RGF22-BluefinTuna,tissue,NA,NA,NA,NA,NA,positive,NA,NA,NA,NA,NA,NA,NA,NA,NA,NA,NA,NA,NA,NA,NA,NA,NA,NA,FALSE,NA,NA,NA,NA,NA,NA,NA,NA,NA,NA
COS-RGF22-KingSalmon,tissue,NA,NA,NA,NA,NA,positive,NA,NA,NA,NA,NA,NA,NA,NA,NA,NA,NA,NA,NA,NA,NA,NA,NA,NA,FALSE,NA,NA,NA,NA,NA,NA,NA,NA,NA,NA
COS-RGF22-YellowfinTuna,tissue,NA,NA,NA,NA,NA,positive,NA,NA,NA,NA,NA,NA,NA,NA,NA,NA,NA,NA,NA,NA,NA,NA,NA,NA,FALSE,NA,NA,NA,NA,NA,NA,NA,NA,NA,NA
mock-community,mix of tissue samples,NA,NA,NA,NA,NA,positive,NA,blank,NA,blank,NA,blank,NA,blank,NA,blank,3,Summer,NA,NA,NA,NA,Jul.25,NA,FALSE,NA,NA,NA,NA,NA,NA,NA,NA,NA,NA
POS_S14,positive sequencing control lab,NA,NA,NA,NA,NA,positive,NA,NA,NA,NA,NA,NA,NA,NA,NA,NA,NA,NA,NA,NA,NA,NA,NA,NA,FALSE,NA,NA,NA,NA,NA,NA,NA,NA,NA,NA
POS_S259,positive sequencing control lab,NA,NA,NA,NA,NA,positive,NA,NA,NA,NA,NA,NA,NA,NA,NA,NA,NA,NA,NA,NA,NA,NA,NA,NA,FALSE,NA,NA,NA,NA,NA,NA,NA,NA,NA,NA