sample name,notes,sampling date,sampling time,movement,Station_start,Station_end,sample type,medium,Station,ecosystem,depth,filtration,pore size,replicate,time,bottle,filter type,time point,Season,Latitude,Longitude
20250414-ESBf200a,,04.14.2025,,NA,,,blank,NA,Elkhorn Slough,estuary,NA,active,0.22,1,0,,disk,2,Spring,36.8105,-121.7827
20250414-ESBf200b,,04.14.2025,,NA,,,blank,NA,Elkhorn Slough,estuary,NA,active,0.22,2,0,,disk,2,Spring,36.8105,-121.7827
20250417-M1-Blnk,MolGrad H20,04.17.2025,,NA,,,blank,NA,M1,marine,NA,active,0.22,NA,,,Sterivex,2,Spring,36.74166667,-122.0268333
20250417-MARS-Blnk,MolGrad H20,04.17.2025,,NA,,,blank,NA,MARS,marine,NA,active,0.22,NA,,NA,Sterivex,2,Spring,36.743,-122.1068333
20250417-OSWS-Blnk,MolGrad H20,04.17.2025,13:20:00,NA,,,blank,NA,OSWS,marine,NA,passive,20,NA,,,Sterivex,2,Spring,36.6775,-122.5351667
20250418-C1-Blnk,,04.18.2025,,NA,,,blank,NA,C1,marine,NA,active,0.22,NA,,,Sterivex,2,Spring,36.8045,-121.858
20250418-M2-Blnk,,04.18.2025,,NA,,,blank,NA,M2,marine,NA,active,0.22,,,,Sterivex,2,Spring,36.7015,-122.3743333
202507-control,"instead of 23c, MolGrade H20",07.22.2025,03:05:00,NA,,,blank,NA,Elkhorn Slough,estuary,NA,active,0.22,1,,,disk,3,Summer,36.8117,-121.77959
20250722-ESe-8,20250722_blank_8: new control dry in lab,07.22.2025,,NA,,,blank,NA,Elkhorn Slough,estuary,NA,NA,0.22,5,,,disk,3,Summer,NA,NA
20250723-M1-Blnk,MolGrad H20,07.23.2025,,NA,,,blank,NA,M1,marine,NA,active,0.22,1,,,Sterivex,3,Summer,36.74166667,-122.0268333
20250723-M1-torp-ctrl,"blank, dry filter",07.23.2025,,NA,,,blank,NA,,,NA,,20,1,,,disk,3,Summer,36.74166667,-122.0268333
20250723-ML-M1-air-ctrl,mainland to M1,07.23.2025,,NA,ML,M1,blank,air,M1,marine,NA,passive,0.22,1,,,disk,3,Summer,36.74166667,-122.0268333
20250723-OSWS-BLNK,MolGrad H20,07.23.2025,,NA,,,blank,NA,OSWS,marine,NA,active,0.22,1,,,Sterivex,3,Summer,36.6775,-122.53517
20250724-C1-air-st-blank,,07.24.2025,,NA,,,blank,air,C1,NA,NA,NA,NA,NA,NA,NA,disk,3,Summer,36.8045,-121.858
20250724-C1-Blnk,MolGrad H20,07.24.2025,,NA,,,blank,NA,C1,marine,NA,active,0.22,1,,,Sterivex,3,Summer,36.8045,-121.858
20250724-M2-Blnk,MolGrad H20,07.24.2025,,NA,,,blank,NA,M2,marine,NA,active,20,1,,,Sterivex,3,Summer,36.7015,-122.3743333
20250724-M2-torp-blank,dry filter,07.24.2025,,NA,,,blank,NA,M2,marine,NA,passive,20,1,,,Sterivex,3,Summer,36.7015,-122.3743333
20250724-MARS-Blnk,MolGrad H20,07.24.2025,,NA,,,blank,NA,MARS,marine,NA,,0.22,1,,,Sterivex,3,Summer,36.743,-122.1068333
20251027-Blank-f020,"dry, torp",10.27.2025,NA,NA,,,blank,NA,Elkhorn Slough,NA,NA,NA,0.22,1,,,disk,4,Autumn,36.7502,-122.0495
20251027-ES-blank,MolGrad H20,10.27.2025,NA,NA,,,blank,NA,Elkhorn Slough,estuary,NA,active,0.22,1,,,Sterivex,4,Autumn,36.8105,-121.7827
20252810-C1-Blnk,MolGrad H20,10.28.2025,,NA,,,blank,NA,C1,marine,NA,active,0.22,1,,,Sterivex,4,Autumn,36.8,-121.8562
20252910-M1-BLANK,MolGrad H20,02.01.1900,NA,NA,,,blank,NA,M1,marine,NA,active,0.22,1,,,Sterivex,4,Autumn,36.7502,-122.0495
20252910-M1-torp-ctrl,torp,10.28.2025,,NA,,,blank,NA,M1,,NA,passive,20,1,,,disk,4,Autumn,36.7502,-122.0495
20252910-M2-Blnk,torp,10.29.2025,,NA,,,blank,NA,M2,marine,NA,active,20,1,,,Sterivex,4,Autumn,36.713,-122.304
20252910-MARS-airBLANK,,10.29.2025,,NA,,,blank,NA,MARS,marine,NA,passive,0.22,3,,,disk,4,Autumn,36.721,-122.1903
20252910-MARS-torp-BLANK,torp,10.29.2025,,NA,,,blank,NA,MARS,NA,NA,NA,20,NA,NA,NA,disk,4,Autumn,36.721,-122.1903
20252910-ML-M1-air-ctrl,mainland to M1,10.28.2025,,NA,,,blank,NA,M1,marine,NA,passive,0.22,1,,,disk,4,Autumn,36.7502,-122.0495
Es-5,20250722_blank_5 old filters in lab,07.22.2025,,NA,,,blank,NA,Elkhorn Slough,estuary,NA,NA,0.22,2,,,disk,3,Summer,NA,NA
Es-6,20250722_blank_6 new control brought to field,07.22.2025,,NA,,,blank,NA,Elkhorn Slough,estuary,NA,NA,0.22,3,,,disk,3,Summer,NA,NA
Es-7,20250722_blank_7: new control dry in lab,07.22.2025,,NA,,,blank,NA,Elkhorn Slough,estuary,NA,NA,0.22,4,,,disk,3,Summer,NA,NA
Extraction-Blank_2025-04,negativ extraction control,NA,NA,NA,NA,NA,blank,NA,NA,NA,NA,NA,NA,NA,NA,NA,NA,NA,NA,NA,NA
Extraction-Blank_2025-07,negativ extraction control,NA,NA,NA,NA,NA,blank,NA,NA,NA,NA,NA,NA,NA,NA,NA,NA,NA,NA,NA,NA
MARS-BLANK,"handwritten, MolGrad H20",10.29.2025,,NA,,,blank,NA,MARS,marine,NA,active,0.22,1,,,Sterivex,4,Autumn,36.721,-122.1903
NTC_2025-04,negativ sequencing control,NA,NA,NA,NA,NA,blank,NA,NA,NA,NA,NA,NA,NA,NA,NA,NA,NA,NA,NA,NA
NTC_2025-07,negativ extraction control,NA,NA,NA,NA,NA,blank,NA,NA,NA,NA,NA,NA,NA,NA,NA,NA,NA,NA,NA,NA
NTC_S13,negativ sequencing control,NA,NA,NA,NA,NA,blank,NA,NA,NA,NA,NA,NA,NA,NA,NA,NA,NA,NA,NA,NA
NTC_S258,negativ sequencing control,NA,NA,NA,NA,NA,blank,NA,NA,NA,NA,NA,NA,NA,NA,NA,NA,NA,NA,NA,NA
POS_2025-04,positive sequencing control lab,NA,NA,NA,NA,NA,blank,NA,NA,NA,NA,NA,NA,NA,NA,NA,NA,NA,NA,NA,NA
POS_2025-07,positive sequencing control lab,NA,NA,NA,NA,NA,blank,NA,NA,NA,NA,NA,NA,NA,NA,NA,NA,NA,NA,NA,NA
XB,negativ sequencing control,NA,NA,NA,NA,NA,blank,NA,NA,NA,NA,NA,NA,NA,NA,NA,NA,NA,NA,NA,NA
XB_S12,negativ sequencing control,NA,NA,NA,NA,NA,blank,NA,NA,NA,NA,NA,NA,NA,NA,NA,NA,NA,NA,NA,NA
XB_S257,negativ sequencing control,NA,NA,NA,NA,NA,blank,NA,NA,NA,NA,NA,NA,NA,NA,NA,NA,NA,NA,NA,NA
20250414-ESe16a,,04.14.2025,,stationary,,,eDNA,water,Elkhorn Slough,estuary,0,passive,20,1,0,,Sterivex,2,Spring,36.8105,-121.7827
20250414-ESe16b,,04.14.2025,,stationary,,,eDNA,water,Elkhorn Slough,estuary,0,passive,20,2,0,,Sterivex,2,Spring,36.8105,-121.7827
20250414-ESe17a,,04.14.2025,,stationary,,,eDNA,water,Elkhorn Slough,estuary,0,passive,20,1,0,,Sterivex,2,Spring,36.8105,-121.7827
20250414-ESe17b,,04.14.2025,,stationary,,,eDNA,water,Elkhorn Slough,estuary,0,passive,20,2,0,,Sterivex,2,Spring,36.8105,-121.7827
20250414-ESe18a,,04.14.2025,,stationary,,,eDNA,water,Elkhorn Slough,estuary,0,active,0.22,1,19,,Sterivex,2,Spring,36.8105,-121.7827
20250414-ESe18b,,04.14.2025,,stationary,,,eDNA,water,Elkhorn Slough,estuary,0,active,0.22,2,19,,Sterivex,2,Spring,36.8105,-121.7827
20250414-ESe18c,,04.14.2025,,stationary,,,eDNA,water,Elkhorn Slough,estuary,0,active,0.22,3,19,,Sterivex,2,Spring,36.8105,-121.7827
20250414-ESe19a,,04.14.2025,,stationary,,,eDNA,water,Elkhorn Slough,estuary,0,active,0.22,1,19,,Sterivex,2,Spring,36.8105,-121.7827
20250414-ESe19b,,04.14.2025,,stationary,,,eDNA,water,Elkhorn Slough,estuary,0,active,0.22,2,20,,Sterivex,2,Spring,36.8105,-121.7827
20250414-ESe19c,,04.14.2025,,stationary,,,eDNA,water,Elkhorn Slough,estuary,0,active,0.22,3,20,,Sterivex,2,Spring,36.8105,-121.7827
20250414-ESe20a,,04.14.2025,,stationary,,,eDNA,water,Elkhorn Slough,estuary,0,active,0.22,2,21,,Sterivex,2,Spring,36.8105,-121.7827
20250414-ESe20b,,04.14.2025,,stationary,,,eDNA,water,Elkhorn Slough,estuary,0,active,0.22,3,21,,Sterivex,2,Spring,36.8105,-121.7827
20250414-ESe20c,,04.14.2025,,stationary,,,eDNA,water,Elkhorn Slough,estuary,0,active,0.22,1,21,,Sterivex,2,Spring,36.8105,-121.7827
20250417-M1-010M-1,Label is different (preprinted),04.17.2025,,stationary,,,eDNA,water,M1,marine,10,active,0.22,1,,10,Sterivex,2,Spring,36.74166667,-122.0268333
20250417-M1-010M-2,Label is different (preprinted),04.17.2025,,stationary,,,eDNA,water,M1,marine,10,active,0.22,2,,11,Sterivex,2,Spring,36.74166667,-122.0268333
20250417-M1-010M-3,Label is different (preprinted),04.17.2025,,stationary,,,eDNA,water,M1,marine,10,active,0.22,3,,12,Sterivex,2,Spring,36.74166667,-122.0268333
20250417-M1-12-5M-1,Deep Chl max,04.17.2025,,stationary,,,eDNA,water,M1,marine,12.5,active,0.22,1,,7,Sterivex,2,Spring,36.74166667,-122.0268333
20250417-M1-12-5M-3,Deep Chl max,04.17.2025,,stationary,,,eDNA,water,M1,marine,12.5,active,0.22,3,,9,Sterivex,2,Spring,36.74166667,-122.0268333
20250417-M1-150m-1,,04.17.2025,,stationary,,,eDNA,water,M1,marine,150,active,0.22,1,,4,Sterivex,2,Spring,36.74166667,-122.0268333
20250417-M1-150m-2,,04.17.2025,,stationary,,,eDNA,water,M1,marine,150,active,0.22,2,,5,Sterivex,2,Spring,36.74166667,-122.0268333
20250417-M1-150m-2-HW,"Deep Chl max, wrong label 20250417-M1-150m-2-HW double sample",04.17.2025,,stationary,,,eDNA,water,M1,marine,12.5,active,0.22,1,,7,Sterivex,2,Spring,36.74166667,-122.0268333
20250417-M1-150m-3,,04.17.2025,,stationary,,,eDNA,water,M1,marine,150,active,0.22,3,,6,Sterivex,2,Spring,36.74166667,-122.0268333
20250417-M1-300m-1,,04.17.2025,,stationary,,,eDNA,water,M1,marine,300,active,0.22,1,,1,Sterivex,2,Spring,36.74166667,-122.0268333
20250417-M1-300m-2,,04.17.2025,,stationary,,,eDNA,water,M1,marine,300,active,0.22,2,,2,Sterivex,2,Spring,36.74166667,-122.0268333
20250417-M1-300m-3,,04.17.2025,,stationary,,,eDNA,water,M1,marine,300,active,0.22,3,,3,Sterivex,2,Spring,36.74166667,-122.0268333
20250417-M1-air-1,,04.17.2025,,stationary,OSWS,M1,eDNA,air,M1,marine,0,passive,0.22,1,,,disk,2,Spring,36.74166667,-122.0268333
20250417-M1-air-2,,04.17.2025,,stationary,OSWS,M1,eDNA,air,M1,marine,0,passive,0.22,2,,,disk,2,Spring,36.74166667,-122.0268333
20250417-M1-air-3,,04.17.2025,,stationary,OSWS,M1,eDNA,air,M1,marine,0,passive,0.22,3,,,disk,2,Spring,36.74166667,-122.0268333
20250417-M1-air-st-A,,04.17.2025,,stationary,M1,M1,eDNA,air,M1,marine,0,passive,0.22,1,,,disk,2,Spring,36.74166667,-122.0268333
20250417-M1-air-st-B,,04.17.2025,,stationary,M1,M1,eDNA,air,M1,marine,0,passive,0.22,2,,,disk,2,Spring,36.74166667,-122.0268333
20250417-M1-air-st-C,,04.17.2025,,stationary,M1,M1,eDNA,air,M1,marine,0,passive,0.22,3,,,disk,2,Spring,36.74166667,-122.0268333
20250417-M1-torp-1,,04.17.2025,,transition,,,eDNA,water,M1,marine,0,passive,20,1,,,disk,2,Spring,36.74166667,-122.0268333
20250417-M1-torp-2,,04.17.2025,,transition,,,eDNA,water,M1,marine,0,passive,20,2,,,disk,2,Spring,36.74166667,-122.0268333
20250417-MARS-010m-1,,04.17.2025,,stationary,,,eDNA,water,MARS,marine,10,active,0.22,1,,10,Sterivex,2,Spring,36.743,-122.1068333
20250417-MARS-010m-2,,04.17.2025,,stationary,,,eDNA,water,MARS,marine,10,active,0.22,2,,11,Sterivex,2,Spring,36.743,-122.1068333
20250417-MARS-010m-3,,04.17.2025,,stationary,,,eDNA,water,MARS,marine,10,active,0.22,3,,12,Sterivex,2,Spring,36.743,-122.1068333
20250417-MARS-011m-1,Deep Chl max,04.17.2025,,stationary,,,eDNA,water,MARS,marine,11,active,0.22,1,,7,Sterivex,2,Spring,36.743,-122.1068333
20250417-MARS-011m-2,Deep Chl max,04.17.2025,,stationary,,,eDNA,water,MARS,marine,11,active,0.22,2,,8,Sterivex,2,Spring,36.743,-122.1068333
20250417-MARS-011m-3,Deep Chl max,04.17.2025,,stationary,,,eDNA,water,MARS,marine,11,active,0.22,3,,9,Sterivex,2,Spring,36.743,-122.1068333
20250417-MARS-150m-1,,04.17.2025,,stationary,,,eDNA,water,MARS,marine,150,active,0.22,1,,4,Sterivex,2,Spring,36.743,-122.1068333
20250417-MARS-150m-2,,04.17.2025,,stationary,,,eDNA,water,MARS,marine,150,active,0.22,2,,5,Sterivex,2,Spring,36.743,-122.1068333
20250417-MARS-150m-3,,04.17.2025,,stationary,,,eDNA,water,MARS,marine,150,active,0.22,3,,6,Sterivex,2,Spring,36.743,-122.1068333
20250417-MARS-300m-1,,04.17.2025,,stationary,,,eDNA,water,MARS,marine,300,active,0.22,1,,1,Sterivex,2,Spring,36.743,-122.1068333
20250417-MARS-300m-2,,04.17.2025,,stationary,,,eDNA,water,MARS,marine,300,active,0.22,2,,2,Sterivex,2,Spring,36.743,-122.1068333
20250417-MARS-300m-3,,04.17.2025,,stationary,,,eDNA,water,MARS,marine,300,active,0.22,3,,3,Sterivex,2,Spring,36.743,-122.1068333
20250417-MARS-torp-A,,04.17.2025,09:40:00,transition,,,eDNA,water,MARS,marine,0,passive,20,A,5,,disk,2,Spring,36.743,-122.1068333
20250417-MARS-torp-B,,04.17.2025,09:40:00,transition,,,eDNA,water,MARS,marine,0,passive,20,B,5,,disk,2,Spring,36.743,-122.1068333
20250417-OSWS-010m-1,,04.17.2025,,stationary,,,eDNA,water,OSWS,marine,10,active,0.22,1,,10,Sterivex,2,Spring,36.6775,-122.5351667
20250417-OSWS-010m-2,,04.17.2025,,stationary,,,eDNA,water,OSWS,marine,10,active,0.22,2,,11,Sterivex,2,Spring,36.6775,-122.5351667
20250417-OSWS-010m-3,,04.17.2025,,stationary,,,eDNA,water,OSWS,marine,10,active,,3,,12,Sterivex,2,Spring,36.6775,-122.5351667
20250417-OSWS-017m-1,Deep Chl max,04.17.2025,,stationary,,,eDNA,water,OSWS,marine,17,active,0.22,1,,7,Sterivex,2,Spring,36.6775,-122.5351667
20250417-OSWS-017m-2,Deep Chl max,04.17.2025,,stationary,,,eDNA,water,OSWS,marine,17,active,0.22,2,,8,Sterivex,2,Spring,36.6775,-122.5351667
20250417-OSWS-017m-3,Deep Chl max,04.17.2025,,stationary,,,eDNA,water,OSWS,marine,17,active,0.22,3,,9,Sterivex,2,Spring,36.6775,-122.5351667
20250417-OSWS-150m-1,,04.17.2025,,stationary,,,eDNA,water,OSWS,marine,150,active,0.22,1,,4,Sterivex,2,Spring,36.6775,-122.5351667
20250417-OSWS-150m-2,,04.17.2025,,stationary,,,eDNA,water,OSWS,marine,150,active,0.22,2,,5,Sterivex,2,Spring,36.6775,-122.5351667
20250417-OSWS-150m-3,,04.17.2025,,stationary,,,eDNA,water,OSWS,marine,150,active,0.22,3,,6,Sterivex,2,Spring,36.6775,-122.5351667
20250417-OSWS-300m-1,,04.17.2025,,stationary,,,eDNA,water,OSWS,marine,300,active,0.22,1,,1,Sterivex,2,Spring,36.6775,-122.5351667
20250417-OSWS-300m-2,,04.17.2025,,stationary,,,eDNA,water,OSWS,marine,300,active,0.22,2,,2,Sterivex,2,Spring,36.6775,-122.5351667
20250417-OSWS-300m-3,,04.17.2025,,stationary,,,eDNA,water,OSWS,marine,300,active,0.22,3,,3,Sterivex,2,Spring,36.6775,-122.5351667
20250417-OSWS-air-1,"MARS transit to OSWS, one filter torn",04.17.2025,,stationary,MARS,OSWS,eDNA,air,OSWS,marine,0,passive,0.22,1,,,disk,2,Spring,36.6775,-122.5351667
20250417-OSWS-air-2,"MARS transit to OSWS, one filter torn",04.17.2025,,stationary,MARS,OSWS,eDNA,air,OSWS,marine,0,passive,0.22,2,,,disk,2,Spring,36.6775,-122.5351667
20250417-OSWS-air-3,"MARS transit to OSWS, one filter torn",04.17.2025,,stationary,MARS,OSWS,eDNA,air,OSWS,marine,0,passive,0.22,3,,,disk,2,Spring,36.6775,-122.5351667
20250417-OSWS-air-st-1,,04.17.2025,,stationary,OSWS,OSWS,eDNA,air,OSWS,marine,0,passive,0.22,1,,,disk,2,Spring,36.6775,-122.5351667
20250417-OSWS-air-st-2,,04.17.2025,,stationary,OSWS,OSWS,eDNA,air,OSWS,marine,0,passive,0.22,2,,,disk,2,Spring,36.6775,-122.5351667
20250417-OSWS-air-st-3,,04.17.2025,,stationary,OSWS,OSWS,eDNA,air,OSWS,marine,0,passive,0.22,3,,,disk,2,Spring,36.6775,-122.5351667
20250417-OSWS-torp-1,,04.17.2025,,transition,,,eDNA,water,OSWS,marine,0,passive,20,1,3,,disk,2,Spring,36.6775,-122.5351667
20250417-OSWS-torp-2,,04.17.2025,,transition,,,eDNA,water,OSWS,marine,0,passive,20,2,3,,disk,2,Spring,36.6775,-122.5351667
20250418-C1-010m-1,humpback surfaced,04.18.2025,,stationary,,,eDNA,water,C1,marine,10,active,0.22,1,,7,Sterivex,2,Spring,36.8045,-121.858
20250418-C1-010m-1b,back-up,04.18.2025,,stationary,,,eDNA,water,C1,marine,10,active,0.22,1,,7,Sterivex,2,Spring,36.8045,-121.858
20250418-C1-010m-2,humpback surfaced,04.18.2025,,stationary,,,eDNA,water,C1,marine,10,active,0.22,2,,8,Sterivex,2,Spring,36.8045,-121.858
20250418-C1-010m-2-2,humpback surfaced,04.18.2025,,stationary,,,eDNA,water,C1,marine,10,active,,3,,9,Sterivex,2,Spring,36.8045,-121.858
20250418-C1-010m-2b,back-up,04.18.2025,,stationary,,,eDNA,water,C1,marine,10,active,0.22,2,,8,Sterivex,2,Spring,36.8045,-121.858
20250418-C1-010m-3b,back-up,04.18.2025,,stationary,,,eDNA,water,C1,marine,10,active,,3,,9,Sterivex,2,Spring,36.8045,-121.858
20250418-C1-010m-4,in silica,04.18.2025,,stationary,,,eDNA,water,C1,marine,10,active,0.22,4,,10,Sterivex,2,Spring,36.8045,-121.858
20250418-C1-010m-4b,back-up,04.18.2025,,stationary,,,eDNA,water,C1,marine,10,active,0.22,4,,10,Sterivex,2,Spring,36.8045,-121.858
20250418-C1-010m-5,in silica,04.18.2025,,stationary,,,eDNA,water,C1,marine,10,active,0.22,5,,11,Sterivex,2,Spring,36.8045,-121.858
20250418-C1-010m-5b,back-up,04.18.2025,,stationary,,,eDNA,water,C1,marine,10,active,0.22,5,,11,Sterivex,2,Spring,36.8045,-121.858
20250418-C1-010m-6,in silica,04.18.2025,,stationary,,,eDNA,water,C1,marine,10,active,0.22,6,,12,Sterivex,2,Spring,36.8045,-121.858
20250418-C1-010m-6b,back-up,04.18.2025,,stationary,,,eDNA,water,C1,marine,10,active,0.22,6,,12,Sterivex,2,Spring,36.8045,-121.858
20250418-C1-017m-1,humpback surfaced,04.18.2025,,stationary,,,eDNA,water,C1,marine,17,active,0.22,1,,4,Sterivex,2,Spring,36.8045,-121.858
20250418-C1-017m-1b,back-up,04.18.2025,,stationary,,,eDNA,water,C1,marine,17,active,0.22,1,,4,Sterivex,2,Spring,36.8045,-121.858
20250418-C1-017m-2,humpback surfaced,04.18.2025,,stationary,,,eDNA,water,C1,marine,17,active,0.22,2,,5,Sterivex,2,Spring,36.8045,-121.858
20250418-C1-017m-2b,back-up,04.18.2025,,stationary,,,eDNA,water,C1,marine,17,active,0.22,2,,5,Sterivex,2,Spring,36.8045,-121.858
20250418-C1-017m-3,humpback surfaced,04.18.2025,,stationary,,,eDNA,water,C1,marine,17,active,0.22,3,,6,Sterivex,2,Spring,36.8045,-121.858
20250418-C1-017m-3b,back-up,04.18.2025,,stationary,,,eDNA,water,C1,marine,17,active,0.22,3,,6,Sterivex,2,Spring,36.8045,-121.858
20250418-C1-150m-1,humpback surfaced,04.18.2025,,stationary,,,eDNA,water,C1,marine,150,active,0.22,1,,1,Sterivex,2,Spring,36.8045,-121.858
20250418-C1-150m-1b,back-up,04.18.2025,,stationary,,,eDNA,water,C1,marine,150,active,0.22,1,,1,Sterivex,2,Spring,36.8045,-121.858
20250418-C1-150m-2,humpback surfaced,04.18.2025,,stationary,,,eDNA,water,C1,marine,150,active,0.22,2,,2,Sterivex,2,Spring,36.8045,-121.858
20250418-C1-150m-2b,back-up,04.18.2025,,stationary,,,eDNA,water,C1,marine,150,active,0.22,2,,2,Sterivex,2,Spring,36.8045,-121.858
20250418-C1-150m-3,humpback surfaced,04.18.2025,,stationary,,,eDNA,water,C1,marine,150,active,0.22,3,,3,Sterivex,2,Spring,36.8045,-121.858
20250418-C1-150m-3b,back-up,04.18.2025,,stationary,,,eDNA,water,C1,marine,150,active,0.22,3,,3,Sterivex,2,Spring,36.8045,-121.858
20250418-C1-air-st-1,,04.18.2025,,stationary,C1,C1,eDNA,air,C1,marine,0,passive,0.22,1,,,disk,2,Spring,36.8045,-121.858
20250418-C1-air-st-2,,04.18.2025,,stationary,C1,C1,eDNA,air,C1,marine,0,passive,0.22,2,,,disk,2,Spring,36.8045,-121.858
20250418-C1-air-st-3,,04.18.2025,,stationary,C1,C1,eDNA,air,C1,marine,0,passive,0.22,3,,,disk,2,Spring,36.8045,-121.858
20250418-C1-torp-1,,04.18.2025,,stationary,,,eDNA,water,C1,marine,0,passive,0.22,1,3,,disk,2,Spring,36.8045,-121.858
20250418-C1-torp-2,,04.18.2025,,stationary,,,eDNA,water,C1,marine,0,passive,0.22,2,3,,disk,2,Spring,36.8045,-121.858
20250418-M2-010m-1,,04.18.2025,,stationary,,,eDNA,water,M2,marine,10,active,0.22,1,,10,Sterivex,2,Spring,36.7015,-122.3743333
20250418-M2-010m-2,,04.18.2025,,stationary,,,eDNA,water,M2,marine,10,active,0.22,2,,11,Sterivex,2,Spring,36.7015,-122.3743333
20250418-M2-010m-3,,04.18.2025,,stationary,,,eDNA,water,M2,marine,10,active,0.22,3,,12,Sterivex,2,Spring,36.7015,-122.3743333
20250418-M2-050m-1,,04.18.2025,,stationary,,,eDNA,water,M2,marine,50,active,0.22,1,,7,Sterivex,2,Spring,36.7015,-122.3743333
20250418-M2-050m-2,,04.18.2025,,stationary,,,eDNA,water,M2,marine,50,active,0.22,2,,8,Sterivex,2,Spring,36.7015,-122.3743333
20250418-M2-050m-3,,04.18.2025,,stationary,,,eDNA,water,M2,marine,50,active,0.22,3,,9,Sterivex,2,Spring,36.7015,-122.3743333
20250418-M2-150m-1,,04.18.2025,,stationary,,,eDNA,water,M2,marine,150,active,0.22,1,,4,Sterivex,2,Spring,36.7015,-122.3743333
20250418-M2-150m-2,,04.18.2025,,stationary,,,eDNA,water,M2,marine,150,active,0.22,2,,5,Sterivex,2,Spring,36.7015,-122.3743333
20250418-M2-150m-3,,04.18.2025,,stationary,,,eDNA,water,M2,marine,150,active,0.22,3,,6,Sterivex,2,Spring,36.7015,-122.3743333
20250418-M2-300m-1,,04.18.2025,,stationary,,,eDNA,water,M2,marine,300,active,0.22,1,,1,Sterivex,2,Spring,36.7015,-122.3743333
20250418-M2-300m-2,,04.18.2025,,stationary,,,eDNA,water,M2,marine,300,active,0.22,2,,2,Sterivex,2,Spring,36.7015,-122.3743333
20250418-M2-300m-3,,04.18.2025,,stationary,,,eDNA,water,M2,marine,300,active,0.22,3,,3,Sterivex,2,Spring,36.7015,-122.3743333
20250418-M2-torp-1,,04.18.2025,,stationary,,,eDNA,water,M2,marine,0,passive,20,A,3 mins,,disk,2,Spring,36.7015,-122.3743333
20250418-M2-torp-2,,04.18.2025,,stationary,,,eDNA,water,M2,marine,0,passive,20,B,3 mins,,disk,2,Spring,36.7015,-122.3743333
20250418-Mars-torp-test,Testing torp with Iron,04.18.2025,,transition,,,eDNA,water,MARS,marine,0,passive,20,2,,,disk,2,Spring,36.743,-122.1068333
20250722-ESe-23a,,07.22.2025,11:50:00,stationary,,,eDNA,water,Elkhorn Slough,estuary,0,active,0.22,1,,23,disk,3,Summer,36.8117,-121.77959
20250722-ESe-23b,,07.22.2025,11:50:00,stationary,,,eDNA,water,Elkhorn Slough,estuary,0,active,0.22,2,,23,disk,3,Summer,36.8117,-121.77959
20250722-ESe19a,torp,07.22.2025,11:50:00,transition,,,eDNA,water,Elkhorn Slough,estuary,0,passive,20,1,1,19,disk,3,Summer,36.8117,-121.77959
20250722-ESe19a-2,torp,07.22.2025,11:50:00,transition,,,eDNA,water,Elkhorn Slough,estuary,0,passive,20,1,1,19,disk,3,Summer,36.8117,-121.77959
20250722-ESe19b,torp,07.22.2025,11:50:00,transition,,,eDNA,water,Elkhorn Slough,estuary,0,passive,20,2,1,19,disk,3,Summer,36.8117,-121.77959
20250722-ESe20a,,07.22.2025,11:50:00,stationary,,,eDNA,water,Elkhorn Slough,estuary,0,active,0.22,1,,19,disk,3,Summer,36.8117,-121.77959
20250722-ESe20b,,07.22.2025,11:50:00,stationary,,,eDNA,water,Elkhorn Slough,estuary,0,active,0.22,2,,20,disk,3,Summer,36.8117,-121.77959
20250722-ESe20c,,07.22.2025,11:50:00,stationary,,,eDNA,water,Elkhorn Slough,estuary,0,active,0.22,3,,20,disk,3,Summer,36.8117,-121.77959
20250722-ESe21a,,07.22.2025,11:50:00,stationary,,,eDNA,water,Elkhorn Slough,estuary,0,active,0.22,1,,20,disk,3,Summer,36.8117,-121.77959
20250722-ESe21b,,07.22.2025,11:50:00,stationary,,,eDNA,water,Elkhorn Slough,estuary,0,active,0.22,2,,21,disk,3,Summer,36.8117,-121.77959
20250722-ESe21c,,07.22.2025,11:50:00,stationary,,,eDNA,water,Elkhorn Slough,estuary,0,active,0.22,3,,21,disk,3,Summer,36.8117,-121.77959
20250722-ESe22a,,07.22.2025,11:50:00,stationary,,,eDNA,water,Elkhorn Slough,estuary,0,active,0.22,1,,21,disk,3,Summer,36.8117,-121.77959
20250722-ESe22b,20250722_Ese_22b,07.22.2025,11:50:00,stationary,,,eDNA,water,Elkhorn Slough,estuary,0,active,0.22,2,,22,disk,3,Summer,36.8117,-121.77959
20250722-ESe22c,20250722_Ese_22c,07.22.2025,11:50:00,stationary,,,eDNA,water,Elkhorn Slough,estuary,0,active,0.22,3,,22,disk,3,Summer,36.8117,-121.77959
20250723-M1-010M-1,,07.23.2025,,stationary,,,eDNA,water,M1,marine,10,active,0.22,1,,,Sterivex,3,Summer,36.74166667,-122.0268333
20250723-M1-010M-2,,07.23.2025,,stationary,,,eDNA,water,M1,marine,10,active,0.22,2,,,Sterivex,3,Summer,36.74166667,-122.0268333
20250723-M1-010M-3,,07.23.2025,,stationary,,,eDNA,water,M1,marine,10,active,0.22,3,,,Sterivex,3,Summer,36.74166667,-122.0268333
20250723-M1-016m-1,Deep Chl max,07.23.2025,,stationary,,,eDNA,water,M1,marine,16,active,0.22,1,,,Sterivex,3,Summer,36.74166667,-122.0268333
20250723-M1-016m-2,Deep Chl max,07.23.2025,,stationary,,,eDNA,water,M1,marine,16,active,0.22,2,,,Sterivex,3,Summer,36.74166667,-122.0268333
20250723-M1-016m-3,Deep Chl max,07.23.2025,,stationary,,,eDNA,water,M1,marine,16,active,0.22,3,,,Sterivex,3,Summer,36.74166667,-122.0268333
20250723-M1-150m-1,,07.23.2025,,stationary,,,eDNA,water,M1,marine,150,active,0.22,1,,,Sterivex,3,Summer,36.74166667,-122.0268333
20250723-M1-150m-2,,07.23.2025,,stationary,,,eDNA,water,M1,marine,150,active,0.22,2,,,Sterivex,3,Summer,36.74166667,-122.0268333
20250723-M1-150m-3,,07.23.2025,,stationary,,,eDNA,water,M1,marine,150,active,0.22,3,,,Sterivex,3,Summer,36.74166667,-122.0268333
20250723-M1-300m-1,,07.23.2025,,stationary,,,eDNA,water,M1,marine,300,active,0.22,1,,,Sterivex,3,Summer,36.74166667,-122.0268333
20250723-M1-300m-2,,07.23.2025,,stationary,,,eDNA,water,M1,marine,300,active,0.22,2,,,Sterivex,3,Summer,36.74166667,-122.0268333
20250723-M1-300m-3,,07.23.2025,,stationary,,,eDNA,water,M1,marine,300,active,0.22,3,,,Sterivex,3,Summer,36.74166667,-122.0268333
20250723-M1-air-st-A,deployed for 20 mins,07.23.2025,,stationary,M1,M1,eDNA,air,M1,marine,0,passive,0.22,1,,,disk,3,Summer,36.74166667,-122.0268333
20250723-M1-air-st-B,deployed for 20 mins,07.23.2025,,stationary,M1,M1,eDNA,air,M1,marine,0,passive,0.22,2,,,disk,3,Summer,36.74166667,-122.0268333
20250723-M1-air-st-C,deployed for 20 mins,07.23.2025,,stationary,M1,M1,eDNA,air,M1,marine,0,passive,0.22,3,,,disk,3,Summer,36.74166667,-122.0268333
20250723-M1-torp-A,,07.23.2025,,transition,,,eDNA,water,M1,marine,0,passive,20,1,,,disk,3,Summer,36.74166667,-122.0268333
20250723-M1-torp-B,,07.23.2025,,transition,,,eDNA,water,M1,marine,0,passive,20,2,,,disk,3,Summer,36.74166667,-122.0268333
20250723-ML-M1-air-A,mainland to M1,07.23.2025,,transition,ML,M1,eDNA,air,M1,marine,0,passive,0.22,1,,,disk,3,Summer,36.74166667,-122.0268333
20250723-ML-M1-air-B,mainland to M1,07.23.2025,,transition,ML,M1,eDNA,air,M1,marine,0,passive,0.22,2,,,disk,3,Summer,36.74166667,-122.0268333
20250723-ML-M1-air-C,mainland to M1,07.23.2025,,transition,ML,M1,eDNA,air,M1,marine,0,passive,0.22,3,,,disk,3,Summer,36.74166667,-122.0268333
20250723-OSWS-010m-1,,07.23.2025,,stationary,,,eDNA,water,OSWS,marine,10,active,0.22,1,,,Sterivex,3,Summer,36.6775,-122.53517
20250723-OSWS-010m-2,,07.23.2025,,stationary,,,eDNA,water,OSWS,marine,150,active,0.22,2,,,Sterivex,3,Summer,36.6775,-122.53517
20250723-OSWS-010m-3,,07.23.2025,,stationary,,,eDNA,water,OSWS,marine,150,active,0.22,3,,,Sterivex,3,Summer,36.6775,-122.53517
20250723-OSWS-010m-4,,07.23.2025,,stationary,,,eDNA,water,OSWS,marine,150,active,0.22,4,,,Sterivex,3,Summer,36.6775,-122.53517
20250723-OSWS-010m-5,,07.23.2025,,stationary,,,eDNA,water,OSWS,marine,300,active,0.22,5,,,Sterivex,3,Summer,36.6775,-122.53517
20250723-OSWS-010m-6,,07.23.2025,,stationary,,,eDNA,water,OSWS,marine,300,active,0.22,6,,,Sterivex,3,Summer,36.6775,-122.53517
20250723-OSWS-150m-1,,07.23.2025,,stationary,,,eDNA,water,OSWS,marine,10,active,0.22,1,,,Sterivex,3,Summer,36.6775,-122.53517
20250723-OSWS-150m-2,,07.23.2025,,stationary,,,eDNA,water,OSWS,marine,10,active,0.22,2,,,Sterivex,3,Summer,36.6775,-122.53517
20250723-OSWS-150m-3,,07.23.2025,,stationary,,,eDNA,water,OSWS,marine,10,active,0.22,3,,,Sterivex,3,Summer,36.6775,-122.53517
20250723-OSWS-300m-1,,07.23.2025,,stationary,,,eDNA,water,OSWS,marine,10,active,0.22,1,,,Sterivex,3,Summer,36.6775,-122.53517
20250723-OSWS-300m-2,,07.23.2025,,stationary,,,eDNA,water,OSWS,marine,10,active,0.22,3,,,Sterivex,3,Summer,36.6775,-122.53517
20250723-OSWS-300m-2-b,duplicate,07.23.2025,,stationary,,,eDNA,water,OSWS,marine,10,active,0.22,4,,,Sterivex,3,Summer,36.6775,-122.53517
20250723-OSWS-300m-3,,07.23.2025,,stationary,,,eDNA,water,OSWS,marine,10,active,0.22,2,,,Sterivex,3,Summer,36.6775,-122.53517
20250723-OSWS-air-1,transition,07.23.2025,,transition,M1,OSWS,eDNA,air,OSWS,marine,300,active,0.22,1,,,Sterivex,3,Summer,36.6775,-122.53517
20250723-OSWS-air-2,transition,07.23.2025,,transition,M1,OSWS,eDNA,air,OSWS,marine,0,passive,0.22,2,,,disk,3,Summer,36.6775,-122.53517
20250723-OSWS-air-3,transition,07.23.2025,,transition,M1,OSWS,eDNA,air,OSWS,marine,0,passive,0.22,3,,,disk,3,Summer,36.6775,-122.53517
20250723-OSWS-air-st-1,,07.23.2025,,stationary,OSWS,OSWS,eDNA,air,OSWS,marine,0,passive,0.22,1,,,disk,3,Summer,36.6775,-122.53517
20250723-OSWS-air-st-2,,07.23.2025,,stationary,OSWS,OSWS,eDNA,air,OSWS,marine,0,passive,0.22,2,,,disk,3,Summer,36.6775,-122.53517
20250723-OSWS-air-st-3,,07.23.2025,,stationary,OSWS,OSWS,eDNA,air,OSWS,marine,0,passive,0.22,3,,,disk,3,Summer,36.6775,-122.53517
20250723-OSWS-torp-1,O-Ring not sealed,07.23.2025,,transition,,,eDNA,water,OSWS,marine,0,passive,20,1,,,disk,3,Summer,36.6775,-122.53517
20250723-OSWS-torp-2,,07.23.2025,,transition,,,eDNA,water,OSWS,marine,0,passive,20,2,,,disk,3,Summer,36.6775,-122.53517
20250724-C1-010m-1,,07.24.2025,,stationary,,,eDNA,water,C1,marine,10,active,0.22,1,,,Sterivex,3,Summer,36.8045,-121.858
20250724-C1-010m-2,,07.24.2025,,stationary,,,eDNA,water,C1,marine,10,active,0.22,2,,,Sterivex,3,Summer,36.8045,-121.858
20250724-C1-010m-3,,07.24.2025,,stationary,,,eDNA,water,C1,marine,10,active,0.22,3,,,Sterivex,3,Summer,36.8045,-121.858
20250724-C1-010m-4,Deep Chl max,07.24.2025,,stationary,,,eDNA,water,C1,marine,10,active,0.22,4,,,Sterivex,3,Summer,36.8045,-121.858
20250724-C1-010m-5,Deep Chl max,07.24.2025,,stationary,,,eDNA,water,C1,marine,10,active,0.22,5,,,Sterivex,3,Summer,36.8045,-121.858
20250724-C1-010m-6,Deep Chl max,07.24.2025,,stationary,,,eDNA,water,C1,marine,10,active,0.22,6,,,Sterivex,3,Summer,36.8045,-121.858
20250724-C1-010m-7,,07.24.2025,,stationary,,,eDNA,water,C1,marine,10,active,0.22,7,,,Sterivex,3,Summer,36.8045,-121.858
20250724-C1-010m-8,,07.24.2025,,stationary,,,eDNA,water,C1,marine,10,active,0.22,8,,,Sterivex,3,Summer,36.8045,-121.858
20250724-C1-010m-9,,07.24.2025,,stationary,,,eDNA,water,C1,marine,10,active,0.22,9,,,Sterivex,3,Summer,36.8045,-121.858
20250724-C1-150m-1,,07.24.2025,,stationary,,,eDNA,water,C1,marine,150,active,0.22,1,,,Sterivex,3,Summer,36.8045,-121.858
20250724-C1-150m-2,,07.24.2025,,stationary,,,eDNA,water,C1,marine,150,active,0.22,2,,,Sterivex,3,Summer,36.8045,-121.858
20250724-C1-150m-3,,07.24.2025,,stationary,,,eDNA,water,C1,marine,150,active,0.22,3,,,Sterivex,3,Summer,36.8045,-121.858
20250724-C1-air-st-1,,07.24.2025,,stationary,C1,C1,eDNA,air,C1,marine,0,passive,0.22,1,,,disk,3,Summer,36.8045,-121.858
20250724-C1-air-st-2,,07.24.2025,,stationary,C1,C1,eDNA,air,C1,marine,0,passive,0.22,2,,,disk,3,Summer,36.8045,-121.858
20250724-C1-air-st-3,,07.24.2025,,stationary,C1,C1,eDNA,air,C1,marine,0,passive,0.22,3,,,disk,3,Summer,36.8045,-121.858
20250724-C1-M2-air-1,,07.24.2025,,transition,C1,M2,eDNA,air,C1,marine,10,passive,0.22,1,,,disk,3,Summer,36.8045,-121.858
20250724-C1-M2-air-2,,07.24.2025,,transition,C1,M2,eDNA,air,C1,marine,0,passive,0.22,2,,,disk,3,Summer,36.8045,-121.858
20250724-C1-M2-air-3,,07.24.2025,,transition,C1,M2,eDNA,air,C1,marine,0,passive,0.22,3,,,disk,3,Summer,36.8045,-121.858
20250724-M1-C-torp-A,torp,10.28.2025,,transition,,,eDNA,water,M2,marine,0,passive,0.22,1,3,,disk,4,Autumn,36.8,-121.8562
20250724-M1-C-torp-B,torp,10.28.2025,,transition,,,eDNA,water,M2,marine,0,passive,0.22,2,3,,disk,4,Autumn,36.8,-121.8562
20250724-M2-003m-1,Deep Chl max,07.24.2025,,stationary,,,eDNA,water,M2,marine,3,active,0.22,1,,,Sterivex,3,Summer,36.7015,-122.3743333
20250724-M2-003m-2,Deep Chl max,07.24.2025,,stationary,,,eDNA,water,M2,marine,3,active,0.22,2,,,Sterivex,3,Summer,36.7015,-122.3743333
20250724-M2-003m-3,Deep Chl max,07.24.2025,,stationary,,,eDNA,water,M2,marine,3,active,0.22,3,,,Sterivex,3,Summer,36.7015,-122.3743333
20250724-M2-010m-1,,07.24.2025,,stationary,,,eDNA,water,M2,marine,10,active,0.22,1,,,Sterivex,3,Summer,36.7015,-122.3743333
20250724-M2-010m-2,,07.24.2025,,stationary,,,eDNA,water,M2,marine,10,active,0.22,2,,,Sterivex,3,Summer,36.7015,-122.3743333
20250724-M2-010m-3,,07.24.2025,,stationary,,,eDNA,water,M2,marine,10,active,0.22,3,,,Sterivex,3,Summer,36.7015,-122.3743333
20250724-M2-150m-1,,07.24.2025,,stationary,,,eDNA,water,M2,marine,150,active,0.22,1,,,Sterivex,3,Summer,36.7015,-122.3743333
20250724-M2-150m-2,,07.24.2025,,stationary,,,eDNA,water,M2,marine,150,active,0.22,2,,,Sterivex,3,Summer,36.7015,-122.3743333
20250724-M2-150m-3,,07.24.2025,,stationary,,,eDNA,water,M2,marine,150,active,0.22,3,,,Sterivex,3,Summer,36.7015,-122.3743333
20250724-M2-300m-1,,07.24.2025,,stationary,,,eDNA,water,M2,marine,300,active,0.22,1,,,Sterivex,3,Summer,36.7015,-122.3743333
20250724-M2-300m-2,,07.24.2025,,stationary,,,eDNA,water,M2,marine,300,active,0.22,2,,,Sterivex,3,Summer,36.7015,-122.3743333
20250724-M2-300m-3,,07.24.2025,,stationary,,,eDNA,water,M2,marine,300,active,0.22,3,,,Sterivex,3,Summer,36.7015,-122.3743333
20250724-M2-air-st-1,,07.24.2025,,stationary,M2,M2,eDNA,air,M2,marine,0,active,0.22,1,,,Sterivex,3,Summer,36.7015,-122.3743333
20250724-M2-air-st-2,,07.24.2025,,stationary,M2,,eDNA,air,M2,marine,0,active,0.22,2,,,Sterivex,3,Summer,36.7015,-122.3743333
20250724-M2-air-st-3,,07.24.2025,,stationary,M2,M2,eDNA,air,M2,marine,0,active,0.22,3,,,Sterivex,3,Summer,36.7015,-122.3743333
20250724-M2-torp-A,,07.24.2025,,transition,,,eDNA,water,M2,marine,0,passive,20,1,3,,disk,3,Summer,36.7015,-122.3743333
20250724-M2-torp-B,,07.24.2025,,transition,,,eDNA,water,M2,marine,0,passive,20,2,3,,disk,3,Summer,36.7015,-122.3743333
20250724-MARS-010m-1,,07.24.2025,,stationary,,,eDNA,water,MARS,marine,10,active,0.22,1,,,Sterivex,3,Summer,36.743,-122.1068333
20250724-MARS-010m-2,,07.24.2025,,stationary,,,eDNA,water,MARS,marine,10,active,0.22,2,,,Sterivex,3,Summer,36.743,-122.1068333
20250724-MARS-010m-3,,07.24.2025,,stationary,,,eDNA,water,MARS,marine,10,active,0.22,3,,,Sterivex,3,Summer,36.743,-122.1068333
20250724-MARS-014m-1,Deep Chl max,07.24.2025,,stationary,,,eDNA,water,MARS,marine,14,active,0.22,1,,,Sterivex,3,Summer,36.743,-122.1068333
20250724-MARS-014m-2,Deep Chl max,07.24.2025,,stationary,,,eDNA,water,MARS,marine,14,active,0.22,2,,,Sterivex,3,Summer,36.743,-122.1068333
20250724-MARS-014m-3,Deep Chl max,07.24.2025,,stationary,,,eDNA,water,MARS,marine,14,active,0.22,3,,,Sterivex,3,Summer,36.743,-122.1068333
20250724-MARS-150m-1,,07.24.2025,,stationary,,,eDNA,water,MARS,marine,150,active,0.22,1,,,Sterivex,3,Summer,36.743,-122.1068333
20250724-MARS-150m-2,,07.24.2025,,stationary,,,eDNA,water,MARS,marine,150,active,0.22,2,,,Sterivex,3,Summer,36.743,-122.1068333
20250724-MARS-150m-3,,07.24.2025,,stationary,,,eDNA,water,MARS,marine,150,active,0.22,3,,,Sterivex,3,Summer,36.743,-122.1068333
20250724-MARS-300m-1,,07.24.2025,,stationary,,,eDNA,water,MARS,marine,300,active,0.22,1,,,Sterivex,3,Summer,36.743,-122.1068333
20250724-MARS-300m-2,,07.24.2025,,stationary,,,eDNA,water,MARS,marine,300,active,0.22,2,,,Sterivex,3,Summer,36.743,-122.1068333
20250724-MARS-300m-3,,07.24.2025,,stationary,,,eDNA,water,MARS,marine,300,active,0.22,3,,,Sterivex,3,Summer,36.743,-122.1068333
20250724-MARS-air-st-1,,07.24.2025,,stationary,MARS,MARS,eDNA,air,MARS,marine,0,,0.22,1,,,disk,3,Summer,36.743,-122.1068333
20250724-MARS-air-st-2,,07.24.2025,,stationary,MARS,MARS,eDNA,air,MARS,marine,0,,0.22,2,,,disk,3,Summer,36.743,-122.1068333
20250724-MARS-air-st-3,,07.24.2025,,stationary,MARS,MARS,eDNA,air,MARS,marine,0,,0.22,3,,,disk,3,Summer,36.743,-122.1068333
20250724-MARS-torp-A,,07.24.2025,,transition,,,eDNA,water,MARS,marine,0,passive,20,1,3,,disk,3,Summer,36.743,-122.1068333
20250724-MARS-torp-B,,07.24.2025,,transition,,,eDNA,water,MARS,marine,0,passive,20,1,3,,disk,3,Summer,36.743,-122.1068333
20251027-ES-torp1-A,torp,10.27.2025,14:40:00,transition,,,eDNA,water,Elkhorn Slough,estuary,0,passive,20,1,1,,disk,4,Autumn,36.8105,-121.7827
20251027-ES-torp1-B,torp,10.27.2025,14:40:00,transition,,,eDNA,water,Elkhorn Slough,estuary,0,passive,20,2,1,,disk,4,Autumn,36.8105,-121.7827
20251027-ES-torp1-C,torp,10.27.2025,14:40:00,transition,,,eDNA,water,Elkhorn Slough,estuary,0,passive,20,1,1,,disk,4,Autumn,36.8105,-121.7827
20251027-ES-torp1-D,torp,10.27.2025,14:40:00,transition,,,eDNA,water,Elkhorn Slough,estuary,0,passive,20,2,1,,disk,4,Autumn,36.8105,-121.7827
20251027-ES-torp3-A,torp,10.27.2025,14:40:00,transition,,,eDNA,water,Elkhorn Slough,estuary,0,passive,20,1,3,,disk,4,Autumn,36.8105,-121.7827
20251027-ES-torp3-B,torp,10.27.2025,14:40:00,transition,,,eDNA,water,Elkhorn Slough,estuary,0,passive,20,2,3,,disk,4,Autumn,36.8105,-121.7827
20251027-ES26a,,10.27.2025,15:00:00,stationary,,,eDNA,water,Elkhorn Slough,estuary,0,active,0.22,1,,19,Sterivex,4,Autumn,36.8105,-121.7827
20251027-ES26b,,10.27.2025,15:00:00,stationary,,,eDNA,water,Elkhorn Slough,estuary,0,active,0.22,2,,19,Sterivex,4,Autumn,36.8105,-121.7827
20251027-ES26c,,10.27.2025,15:00:00,stationary,,,eDNA,water,Elkhorn Slough,estuary,0,active,0.22,3,,19,Sterivex,4,Autumn,36.8105,-121.7827
20251027-ES27a,,10.27.2025,15:00:00,stationary,,,eDNA,water,Elkhorn Slough,estuary,0,active,0.22,1,,20,Sterivex,4,Autumn,36.8105,-121.7827
20251027-ES27b,,10.27.2025,15:00:00,stationary,,,eDNA,water,Elkhorn Slough,estuary,0,active,0.22,2,,20,Sterivex,4,Autumn,36.8105,-121.7827
20251027-ES27c,,10.27.2025,15:00:00,stationary,,,eDNA,water,Elkhorn Slough,estuary,0,active,0.22,3,,20,Sterivex,4,Autumn,36.8105,-121.7827
20251027-ES28a,,10.27.2025,15:00:00,stationary,,,eDNA,water,Elkhorn Slough,estuary,0,active,0.22,1,,21,Sterivex,4,Autumn,36.8105,-121.7827
20251027-ES28b,,10.27.2025,15:00:00,stationary,,,eDNA,water,Elkhorn Slough,estuary,0,active,0.22,2,,21,Sterivex,4,Autumn,36.8105,-121.7827
20251027-ES28c,,10.27.2025,15:00:00,stationary,,,eDNA,water,Elkhorn Slough,estuary,0,active,0.22,3,,21,Sterivex,4,Autumn,36.8105,-121.7827
20251027-ES29a,,10.27.2025,15:00:00,stationary,,,eDNA,water,Elkhorn Slough,estuary,0,active,0.22,1,,22,Sterivex,4,Autumn,36.8105,-121.7827
20251027-ES29b,,10.27.2025,15:00:00,stationary,,,eDNA,water,Elkhorn Slough,estuary,0,active,0.22,2,,22,Sterivex,4,Autumn,36.8105,-121.7827
20251027-ES29c,,10.27.2025,15:00:00,stationary,,,eDNA,water,Elkhorn Slough,estuary,0,active,0.22,3,,22,Sterivex,4,Autumn,36.8105,-121.7827
20252810-C1-010m-1,,10.28.2025,,stationary,,,eDNA,water,C1,marine,10,active,0.22,1,,,Sterivex,4,Autumn,36.8,-121.8562
20252810-C1-010m-2,,10.28.2025,,stationary,,,eDNA,water,C1,marine,10,active,0.22,2,,,Sterivex,4,Autumn,36.8,-121.8562
20252810-C1-010m-3,,10.28.2025,,stationary,,,eDNA,water,C1,marine,10,active,0.22,3,,,Sterivex,4,Autumn,36.8,-121.8562
20252810-C1-010m-4,Deep Chl max,10.28.2025,,stationary,,,eDNA,water,C1,marine,10,active,0.22,1,,,Sterivex,4,Autumn,36.8,-121.8562
20252810-C1-010m-5,Deep Chl max,10.28.2025,,stationary,,,eDNA,water,C1,marine,10,active,0.22,2,,,Sterivex,4,Autumn,36.8,-121.8562
20252810-C1-010m-6,Deep Chl max,10.28.2025,,stationary,,,eDNA,water,C1,marine,10,active,0.22,3,,,Sterivex,4,Autumn,36.8,-121.8562
20252810-C1-010m-7,,10.28.2025,,stationary,,,eDNA,water,C1,marine,10,active,0.22,1,,,Sterivex,4,Autumn,36.8,-121.8562
20252810-C1-010m-8,,10.28.2025,,stationary,,,eDNA,water,C1,marine,10,active,0.22,2,,,Sterivex,4,Autumn,36.8,-121.8562
20252810-C1-010m-9,,10.28.2025,,stationary,,,eDNA,water,C1,marine,10,active,0.22,3,,,Sterivex,4,Autumn,36.8,-121.8562
20252810-C1-150m-1,,10.28.2025,,stationary,,,eDNA,water,C1,marine,150,active,0.22,1,,,Sterivex,4,Autumn,36.8,-121.8562
20252810-C1-150m-2,,10.28.2025,,stationary,,,eDNA,water,C1,marine,150,active,0.22,2,,,Sterivex,4,Autumn,36.8,-121.8562
20252810-C1-150m-3,,10.28.2025,,stationary,,,eDNA,water,C1,marine,150,active,0.22,3,,,Sterivex,4,Autumn,36.8,-121.8562
20252810-C1-air-st-1,,10.28.2025,,stationary,C1,C1,eDNA,air,C1,marine,0,passive,0.22,1,,,disk,4,Autumn,36.8,-121.8562
20252810-C1-air-st-2,,10.28.2025,,stationary,C1,C1,eDNA,air,C1,marine,0,passive,0.22,2,,,disk,4,Autumn,36.8,-121.8562
20252810-C1-air-st-3,,10.28.2025,,stationary,C1,C1,eDNA,air,C1,marine,0,passive,0.22,3,,,disk,4,Autumn,36.8,-121.8562
20252910-M1-010M-1,,10.28.2025,,stationary,,,eDNA,water,M1,marine,10,active,0.22,1,,,Sterivex,4,Autumn,36.7502,-122.0495
20252910-M1-010M-2,,10.28.2025,,stationary,,,eDNA,water,M1,marine,10,active,0.22,2,,,Sterivex,4,Autumn,36.7502,-122.0495
20252910-M1-010M-3,,10.28.2025,,stationary,,,eDNA,water,M1,marine,10,active,0.22,3,,,Sterivex,4,Autumn,36.7502,-122.0495
20252910-M1-015m-1,Deep Chl max,10.28.2025,,stationary,,,eDNA,water,M1,marine,15,active,0.22,1,,,Sterivex,4,Autumn,36.7502,-122.0495
20252910-M1-015m-2,Deep Chl max,10.28.2025,,stationary,,,eDNA,water,M1,marine,15,active,0.22,2,,,Sterivex,4,Autumn,36.7502,-122.0495
20252910-M1-015m-3,Deep Chl max,10.28.2025,,stationary,,,eDNA,water,M1,marine,15,active,0.22,3,,,Sterivex,4,Autumn,36.7502,-122.0495
20252910-M1-150m-1,,10.28.2025,,stationary,,,eDNA,water,M1,marine,150,active,0.22,1,,,Sterivex,4,Autumn,36.7502,-122.0495
20252910-M1-150m-2,,10.28.2025,,stationary,,,eDNA,water,M1,marine,150,active,0.22,2,,,Sterivex,4,Autumn,36.7502,-122.0495
20252910-M1-150m-3,,10.28.2025,,stationary,,,eDNA,water,M1,marine,150,active,0.22,3,,,Sterivex,4,Autumn,36.7502,-122.0495
20252910-M1-300m-1,,10.28.2025,,stationary,,,eDNA,water,M1,marine,300,active,0.22,1,,,Sterivex,4,Autumn,36.7502,-122.0495
20252910-M1-300m-2,,10.28.2025,,stationary,,,eDNA,water,M1,marine,300,active,0.22,2,,,Sterivex,4,Autumn,36.7502,-122.0495
20252910-M1-300m-3,,10.28.2025,,stationary,,,eDNA,water,M1,marine,300,active,0.22,3,,,Sterivex,4,Autumn,36.7502,-122.0495
20252910-M1-air-st-A,deployed for 20 mins,10.28.2025,,stationary,M1,M1,eDNA,air,M1,marine,0,passive,0.22,1,,,disk,4,Autumn,36.7502,-122.0495
20252910-M1-air-st-B,deployed for 20 mins,10.28.2025,,stationary,M1,M1,eDNA,air,M1,marine,0,passive,0.22,2,,,disk,4,Autumn,36.7502,-122.0495
20252910-M1-air-st-C,deployed for 20 mins,10.28.2025,,stationary,M1,M1,eDNA,air,M1,marine,0,passive,0.22,3,,,disk,4,Autumn,36.7502,-122.0495
20252910-M1-torp-A,torp,10.28.2025,,transition,,,eDNA,water,M1,marine,0,passive,20,1,,,disk,4,Autumn,36.7502,-122.0495
20252910-M1-torp-B,torp,10.28.2025,,transition,,,eDNA,water,M1,marine,0,passive,20,2,,,disk,4,Autumn,36.7502,-122.0495
20252910-M2-010m-1,,10.29.2025,,stationary,,,eDNA,water,M2,marine,10,active,0.22,1,,,Sterivex,4,Autumn,36.713,-122.304
20252910-M2-010m-2,,10.29.2025,,stationary,,,eDNA,water,M2,marine,10,active,0.22,2,,,Sterivex,4,Autumn,36.713,-122.304
20252910-M2-010m-3,,10.29.2025,,stationary,,,eDNA,water,M2,marine,10,active,0.22,3,,,Sterivex,4,Autumn,36.713,-122.304
20252910-M2-030m-1,Deep Chl max,10.29.2025,,stationary,,,eDNA,water,M2,marine,3,active,0.22,1,,,Sterivex,4,Autumn,36.713,-122.304
20252910-M2-030m-2,Deep Chl max,10.29.2025,,stationary,,,eDNA,water,M2,marine,3,active,0.22,2,,,Sterivex,4,Autumn,36.713,-122.304
20252910-M2-030m-3,Deep Chl max,10.29.2025,,stationary,,,eDNA,water,M2,marine,3,active,0.22,3,,,Sterivex,4,Autumn,36.713,-122.304
20252910-M2-150m-1,torp,10.29.2025,,stationary,,,eDNA,water,M2,marine,150,active,0.22,1,,,Sterivex,4,Autumn,36.713,-122.304
20252910-M2-150m-2,torp,10.29.2025,,stationary,,,eDNA,water,M2,marine,150,active,0.22,2,,,Sterivex,4,Autumn,36.713,-122.304
20252910-M2-150m-3,,10.29.2025,,stationary,,,eDNA,water,M2,marine,150,active,0.22,3,,,Sterivex,4,Autumn,36.713,-122.304
20252910-M2-300m-1,,10.29.2025,,stationary,,,eDNA,water,M2,marine,300,active,0.22,1,,,Sterivex,4,Autumn,36.713,-122.304
20252910-M2-300m-2,,10.29.2025,,stationary,,,eDNA,water,M2,marine,300,active,0.22,2,,,Sterivex,4,Autumn,36.713,-122.304
20252910-M2-300m-3,,10.29.2025,,stationary,,,eDNA,water,M2,marine,300,active,0.22,3,,,Sterivex,4,Autumn,36.713,-122.304
20252910-MARS-010m-1,,10.29.2025,,stationary,,,eDNA,water,MARS,marine,10,active,0.22,1,,,Sterivex,4,Autumn,36.721,-122.1903
20252910-MARS-010m-2,,10.29.2025,,stationary,,,eDNA,water,MARS,marine,10,active,0.22,2,,,Sterivex,4,Autumn,36.721,-122.1903
20252910-MARS-010m-3,,10.29.2025,,stationary,,,eDNA,water,MARS,marine,10,active,0.22,3,,,Sterivex,4,Autumn,36.721,-122.1903
20252910-MARS-020m-1,Deep Chl max,10.29.2025,,stationary,,,eDNA,water,MARS,marine,20,active,0.22,1,,,Sterivex,4,Autumn,36.721,-122.1903
20252910-MARS-020m-2,Deep Chl max,10.29.2025,,stationary,,,eDNA,water,MARS,marine,20,active,0.22,2,,,Sterivex,4,Autumn,36.721,-122.1903
20252910-MARS-020m-3,Deep Chl max,10.29.2025,,stationary,,,eDNA,water,MARS,marine,20,active,0.22,3,,,Sterivex,4,Autumn,36.721,-122.1903
20252910-MARS-150m-1,,10.29.2025,,stationary,,,eDNA,water,MARS,marine,150,active,0.22,1,,,Sterivex,4,Autumn,36.721,-122.1903
20252910-MARS-150m-2,,10.29.2025,,stationary,,,eDNA,water,MARS,marine,150,active,0.22,2,,,Sterivex,4,Autumn,36.721,-122.1903
20252910-MARS-150m-3,,10.29.2025,,stationary,,,eDNA,water,MARS,marine,150,active,0.22,3,,,Sterivex,4,Autumn,36.721,-122.1903
20252910-MARS-300m-1,,10.29.2025,,stationary,,,eDNA,water,MARS,marine,300,active,0.22,1,,,Sterivex,4,Autumn,36.721,-122.1903
20252910-MARS-300m-2,,10.29.2025,,stationary,,,eDNA,water,MARS,marine,300,active,0.22,2,,,Sterivex,4,Autumn,36.721,-122.1903
20252910-MARS-300m-3,,10.29.2025,,stationary,,,eDNA,water,MARS,marine,300,active,0.22,3,,,Sterivex,4,Autumn,36.721,-122.1903
20252910-MARS-air-st-1,,10.29.2025,,stationary,MARS,MARS,eDNA,air,MARS,marine,0,passive,0.22,1,,,disk,4,Autumn,36.721,-122.1903
20252910-MARS-air-st-2,,10.29.2025,,stationary,MARS,MARS,eDNA,air,MARS,marine,0,passive,0.22,2,,,disk,4,Autumn,36.721,-122.1903
20252910-MARS-air-st-3,,10.29.2025,,stationary,MARS,MARS,eDNA,air,MARS,marine,0,passive,0.22,3,,,disk,4,Autumn,36.721,-122.1903
20252910-MARS-M2-air-1,transit MARS to M1,10.29.2025,,transition,MARS,M1,eDNA,NA,MARS,NA,NA,NA,0.22,NA,,,disk,4,Autumn,36.721,-122.1903
20252910-MARS-M2-air-1-2,transit MARS to M1,10.29.2025,,transition,MARS,M1,eDNA,air,MARS,marine,0,passive,0.22,2,,,disk,4,Autumn,36.721,-122.1903
20252910-MARS-M2-air-2,transit MARS to M1,10.29.2025,,transition,MARS,M1,eDNA,air,MARS,marine,0,passive,0.22,2,,,disk,4,Autumn,36.721,-122.1903
20252910-MARS-M2-air-3,transit MARS to M1,10.29.2025,,transition,MARS,M1,eDNA,air,MARS,marine,0,passive,0.22,3,,,disk,4,Autumn,36.721,-122.1903
20252910-MARS-torp-A,torp,10.29.2025,,transition,,,eDNA,water,MARS,marine,0,passive,20,1,3,,disk,4,Autumn,36.721,-122.1903
20252910-MARS-torp-B,torp,10.29.2025,,transition,,,eDNA,water,MARS,marine,0,passive,20,2,3,,disk,4,Autumn,36.721,-122.1903
20252910-ML-M1-air-1,mainland to M1,10.28.2025,,stationary,ML,M1,eDNA,air,M1,marine,0,passive,0.22,1,,,disk,4,Autumn,36.7502,-122.0495
20252910-ML-M1-air-2,mainland to M1,10.28.2025,,stationary,ML,M1,eDNA,air,M1,marine,0,passive,0.22,2,,,disk,4,Autumn,36.7502,-122.0495
20252910-ML-M1-air-3,mainland to M1,10.28.2025,,stationary,ML,M1,eDNA,air,M1,marine,0,passive,0.22,3,,,disk,4,Autumn,36.7502,-122.0495
20252910-ML-MARS-air-1,transit ML to MARS,10.29.2025,,transition,ML,MARS,eDNA,air,MARS,marine,0,passive,0.22,1,,,disk,4,Autumn,36.721,-122.1903
20252910-ML-MARS-air-2,transit ML to MARS,10.29.2025,,transition,ML,MARS,eDNA,air,MARS,marine,0,passive,0.22,2,,,disk,4,Autumn,36.721,-122.1903
20252910-ML-MARS-air-3,transit ML to MARS,10.29.2025,,transition,ML,MARS,eDNA,air,MARS,marine,0,passive,0.22,3,,,disk,4,Autumn,36.721,-122.1903
250414-ESe-21a,,04.14.2025,,stationary,,,eDNA,water,Elkhorn Slough,estuary,0,active,0.22,2,22,,Sterivex,2,Spring,36.8105,-121.7827
250414-ESe-21b,,04.14.2025,,stationary,,,eDNA,water,Elkhorn Slough,estuary,0,active,0.22,3,22,,Sterivex,2,Spring,36.8105,-121.7827
250414-ESe-21c,,04.14.2025,,stationary,,,eDNA,water,Elkhorn Slough,estuary,0,active,0.22,1,22,,Sterivex,2,Spring,36.8105,-121.7827
9-14-24-WF,Raksha Blueshark tagging,NA,NA,NA,NA,NA,eDNA,NA,NA,NA,NA,NA,NA,NA,NA,NA,NA,NA,NA,NA,NA
9-19-24-WF-1-2,Raksha Blueshark tagging,NA,NA,NA,NA,NA,eDNA,NA,NA,NA,NA,NA,NA,NA,NA,NA,NA,NA,NA,NA,NA
9-19-24-WF-2-2,Raksha Blueshark tagging,NA,NA,NA,NA,NA,eDNA,NA,NA,NA,NA,NA,NA,NA,NA,NA,NA,NA,NA,NA,NA
MARS-air-A,for whole transit,04.17.2025,,stationary,ML,MARS,eDNA,air,MARS,marine,0,passive,0.22,A,,,disk,2,Spring,36.743,-122.1068333
MARS-air-B,for whole transit,04.17.2025,,stationary,ML,MARs,eDNA,air,MARS,marine,0,passive,0.22,B,,,disk,2,Spring,36.743,-122.1068333
MARS-air-C,for whole transit,04.17.2025,,stationary,ML,MARS,eDNA,air,MARS,marine,0,passive,0.22,C,,,disk,2,Spring,36.743,-122.1068333
MARS-air-st-a,while CTD was in the water,04.17.2025,09:45:00,stationary,MARS,MARS,eDNA,air,MARS,marine,0,passive,0.22,a,,,disk,2,Spring,36.743,-122.1068333
MARS-air-st-b,while CTD was in the water,04.17.2025,09:45:00,stationary,MARS,MARS,eDNA,air,MARS,marine,0,passive,0.22,b,,,disk,2,Spring,36.743,-122.1068333
MARS-air-st-c,while CTD was in the water,04.17.2025,09:45:00,stationary,MARS,MARS,eDNA,air,MARS,marine,0,passive,0.22,c,,,disk,2,Spring,36.743,-122.1068333
COS-CWC22-SockeyeSalmon,tissue ,NA,NA,NA,NA,NA,positive,NA,NA,NA,NA,NA,NA,NA,NA,NA,NA,NA,NA,NA,NA
COS-RGF-BigEyeTuna,tissue ,NA,NA,NA,NA,NA,positive,NA,NA,NA,NA,NA,NA,NA,NA,NA,NA,NA,NA,NA,NA
COS-RGF-BlackCod,tissue ,NA,NA,NA,NA,NA,positive,NA,NA,NA,NA,NA,NA,NA,NA,NA,NA,NA,NA,NA,NA
COS-RGF-CaliforniaHalibut,tissue ,NA,NA,NA,NA,NA,positive,NA,NA,NA,NA,NA,NA,NA,NA,NA,NA,NA,NA,NA,NA
COS-RGF-Ono-Wahoo,tissue ,NA,NA,NA,NA,NA,positive,NA,NA,NA,NA,NA,NA,NA,NA,NA,NA,NA,NA,NA,NA
COS-RGF-Sardine,tissue ,NA,NA,NA,NA,NA,positive,NA,NA,NA,NA,NA,NA,NA,NA,NA,NA,NA,NA,NA,NA
COS-RGF-Swordfish,tissue ,NA,NA,NA,NA,NA,positive,NA,NA,NA,NA,NA,NA,NA,NA,NA,NA,NA,NA,NA,NA
COS-RGF22-BluefinTuna,tissue ,NA,NA,NA,NA,NA,positive,NA,NA,NA,NA,NA,NA,NA,NA,NA,NA,NA,NA,NA,NA
COS-RGF22-KingSalmon,tissue ,NA,NA,NA,NA,NA,positive,NA,NA,NA,NA,NA,NA,NA,NA,NA,NA,NA,NA,NA,NA
COS-RGF22-YellowfinTuna,tissue ,NA,NA,NA,NA,NA,positive,NA,NA,NA,NA,NA,NA,NA,NA,NA,NA,NA,NA,NA,NA
mock-community,mix of tissue samples,NA,,NA,,,positive,NA,blank,NA,blank,NA,blank,NA,blank,NA,blank,3,Summer,NA,NA
POS_S14,positive sequencing control lab,NA,NA,NA,NA,NA,positive,NA,NA,NA,NA,NA,NA,NA,NA,NA,NA,NA,NA,NA,NA
POS_S259,positive sequencing control lab,NA,NA,NA,NA,NA,positive,NA,NA,NA,NA,NA,NA,NA,NA,NA,NA,NA,NA,NA,NA